"PrimaryKey","siteid","ProportionCriteriaMet"
"13050613525457372013-09-01","R012XY022ID",1
"13050809363628072013-09-01","R012XY017ID",1
"13050815294642982013-09-01","R012XY022ID",1
"13050913470047482013-09-01","R012XY022ID",1
"13051310262580342013-09-01","R012XY017ID",1
"13051406262191892013-09-01","R012XY017ID",1
"1305141132354472013-09-01","R012XY003ID",1
"13051508021885962013-09-01","R012XY003ID",1
"13051513251355502013-09-01","R012XY017ID",1
"13051516045531752013-09-01","R012XY017ID",1
"13052011380377362013-09-01","R012XY017ID",1
"13052016230692112013-09-01","R012XY001ID",1
"13052107570859702013-09-01","R012XY001ID",1
"13052113524592552013-09-01","R012XY001ID",1
"13052208242498152013-09-01","R012XY001ID",1
"1305221148273832013-09-01","R012XY001ID",1
"13052309284159132013-09-01","R012XY017ID",1
"13052910260963002013-09-01","R012XY022ID",1
"13052914010240672013-09-01","R012XY022ID",1
"13053008432594792013-09-01","R012XY017ID",1
"1306031340465882013-09-01","R012XY017ID",1
"13060317441955842013-09-01","R012XY017ID",1
"13060412584836222013-09-01","R012XY003ID",1
"13060417430163462013-09-01","R012XY003ID",1
"13060511283972752013-09-01","R012XY017ID",1
"13060515371132322013-09-01","R012XY017ID",1
"13060608304078182013-09-01","R012XY017ID",1
"13060613383775322013-09-01","R012XY017ID",1
"13060614491472232013-09-01","R012XY017ID",1
"13060617420348242013-09-01","R012XY017ID",1
"13061011422164892013-09-01","R012XY001ID",1
"13061016513359862013-09-01","R012XY001ID",1
"13061108303643642013-09-01","R012XY001ID",1
"13061711034699072013-09-01","R012XY001ID",1
"13061715214526122013-09-01","R012XY001ID",1
"13061807551547202013-09-01","R012XY001ID",1
"13061811170717502013-09-01","R012XY001ID",1
"13061816002113112013-09-01","R012XY001ID",1
"13061908133129942013-09-01","R012XY001ID",1
"13061913534238202013-09-01","R012XY001ID",1
"13062008273055282013-09-01","R012XY001ID",1
"13062013250865352013-09-01","R012XY001ID",1
"13062411373988422013-09-01","R012XY001ID",1
"13062508271619212013-09-01","R012XY001ID",1
"13062512314689152013-09-01","R012XY001ID",1
"13062515430540802013-09-01","R012XY001ID",1
"13062518243483222013-09-01","R012XY001ID",1
"13062608333657232013-09-01","R012XY001ID",1
"13062612113941572013-09-01","R012XY001ID",1
"13070307160581692013-09-01","R012XY001ID",1
"1307030843439412013-09-01","R012XY001ID",1
"13070309595764032013-09-01","R012XY001ID",1
"13070312520115372013-09-01","R012XY001ID",1
"13071010224539632013-09-01","R012XY001ID",1
"13071212400961572013-09-01","R012XY001ID",1
"13071215311221942013-09-01","R012XY001ID",1
"13071216514327202013-09-01","R012XY001ID",1
"13071811131185212013-09-01","R012XY001ID",1
"13071811540168462013-09-01","R012XY001ID",1
"13071813314499282013-09-01","R012XY001ID",1
"1307181454113962013-09-01","R012XY001ID",1
"13072313514020402013-09-01","R012XY001ID",1
"13080115512680402013-09-01","R012XY001ID",1
"13080216044158392013-09-01","R012XY001ID",1
"13080216264352652013-09-01","R012XY001ID",1
"13080509095686732013-09-01","R012XY001ID",1
"13080509292620592013-09-01","R012XY001ID",1
"13080510401684292013-09-01","R012XY001ID",1
"13080512201577552013-09-01","R012XY001ID",1
"13080515151831852013-09-01","R012XY001ID",1
"13080517170586462013-09-01","R012XY001ID",1
"13080608412270742013-09-01","R012XY001ID",1
"13080610153370522013-09-01","R012XY001ID",1
"13080611242933092013-09-01","R012XY001ID",1
"13080614363869052013-09-01","R012XY001ID",1
"13080707461252992013-09-01","R012XY001ID",1
"13080709003335732013-09-01","R012XY001ID",1
"13080710333858362013-09-01","R012XY001ID",1
"13080712365347372013-09-01","R012XY001ID",1
"13080715132815292013-09-01","R012XY001ID",1
"15060211020954192015-09-01","R012XY004ID",1
"15060307221737132015-09-01","R012XY004ID",1
"15060812442420702015-09-01","R012XY007ID",0.714285714285714
"15061012324763242015-09-01","R012XY004ID",1
"1506221135105552015-09-01","R012XY004ID",1
"15062308571727452015-09-01","R012XY004ID",1
"15062407315573882015-09-01","R012XY004ID",1
"15062412214386622015-09-01","R012XY004ID",1
"15070107413242932015-09-01","R012XY007ID",0.714285714285714
"15070710135036762015-09-01","R012XY007ID",0.714285714285714
"15070807234945232015-09-01","R012XY046ID",1
"15070810553265602015-09-01","R012XY046ID",1
"15070907184057192015-09-01","R012XY046ID",1
"15070914110538642015-09-01","R012XY004ID",1
"15071314331827452015-09-01","R012XY004ID",1
"15071408123327012015-09-01","R012XY004ID",1
"15071413230592122015-09-01","R012XY004ID",1
"15071610291468292015-09-01","R012XY004ID",1
"15072206415181082015-09-01","R012XY004ID",1
"15072314323774752015-09-01","R012XY004ID",1
"15072413483663022015-09-01","R012XY004ID",1
"15072511321816272015-09-01","R012XY004ID",1
"1507251522547282015-09-01","R012XY004ID",1
"15072708350072362015-09-01","R012XY004ID",1
"15072712482290102015-09-01","R012XY004ID",1
"15072808482929332015-09-01","R012XY004ID",1
"15072911460468452015-09-01","R012XY004ID",1
"15080413353359942015-09-01","R012XY004ID",1
"15080510131560192015-09-01","R012XY004ID",1
"15080515213628682015-09-01","R012XY004ID",1
"15080607503827352015-09-01","R012XY046ID",1
"15081013254471102015-09-01","R012XY004ID",1
"15081013343457212015-09-01","R012XY004ID",1
"16042615510094232016-09-01","R012XY046ID",1
"16050410113032102016-09-01","R012XY004ID",1
"16050510444395482016-09-01","R012XY007ID",0.714285714285714
"16050914185721442016-09-01","R012XY046ID",1
"16050914243294582016-09-01","R012XY004ID",1
"16050914252179172016-09-01","R012XY046ID",1
"16050914263263002016-09-01","R012XY007ID",0.714285714285714
"16051013152895532016-09-01","R012XY004ID",1
"16051108353511492016-09-01","R012XY007ID",0.714285714285714
"1605111018051472016-09-01","R012XY004ID",1
"16051208271334162016-09-01","R012XY004ID",1
"16051809241992672016-09-01","R012XY004ID",1
"16051813332348582016-09-01","R012XY004ID",1
"1605181625345332016-09-01","R012XY007ID",0.857142857142857
"1605181921216092016-09-01","R012XY007ID",0.714285714285714
"16051907543650062016-09-01","R012XY007ID",0.714285714285714
"16051910470763082016-09-01","R012XY046ID",1
"16051910541823782016-09-01","R012XY046ID",1
"16052009583452892016-09-01","R012XY046ID",1
"16052114380287592016-09-01","R012XY046ID",1
"16052412120152252016-09-01","R012XY046ID",1
"16052415134750352016-09-01","R012XY007ID",0.714285714285714
"16052416232644662016-09-01","R012XY004ID",1
"16052508080795112016-09-01","R012XY004ID",1
"16052508585240182016-09-01","R012XY046ID",1
"16052609185843192016-09-01","R012XY046ID",1
"16053117322963632016-09-01","R012XY004ID",1
"16060110460198622016-09-01","R012XY004ID",1
"16060114181538402016-09-01","R012XY004ID",1
"16060115534744772016-09-01","R012XY004ID",1
"16060314250053212016-09-01","R012XY007ID",0.714285714285714
"16060413465021592016-09-01","R012XY046ID",1
"16060610221754912016-09-01","R012XY007ID",0.714285714285714
"16060610442056372016-09-01","R012XY046ID",1
"16060614373065012016-09-01","R012XY007ID",0.714285714285714
"16060615251566032016-09-01","R012XY004ID",1
"16060707484924862016-09-01","R012XY007ID",0.714285714285714
"1606070952211482016-09-01","R012XY046ID",1
"16060710220038362016-09-01","R012XY007ID",0.714285714285714
"16060710280455942016-09-01","R012XY004ID",1
"16060710382097102016-09-01","R012XY004ID",1
"16060710475485122016-09-01","R012XY004ID",1
"16060712403339562016-09-01","R012XY007ID",0.714285714285714
"16060807481358102016-09-01","R012XY004ID",1
"16060807581725802016-09-01","R012XY007ID",0.714285714285714
"16060810312433822016-09-01","R012XY007ID",0.714285714285714
"16060908141248442016-09-01","R012XY004ID",1
"16061514121026522016-09-01","R012XY004ID",1
"16061608551597232016-09-01","R012XY004ID",1
"16061612125261632016-09-01","R012XY004ID",1
"16061614243040232016-09-01","R012XY046ID",1
"16061618094724562016-09-01","R012XY004ID",1
"16061710474136072016-09-01","R012XY004ID",1
"16061711174777912016-09-01","R012XY046ID",1
"16061712155268162016-09-01","R012XY004ID",1
"16061713470439062016-09-01","R012XY004ID",1
"16061809245794312016-09-01","R012XY004ID",1
"16061809294271322016-09-01","R012XY004ID",1
"16061815093587332016-09-01","R012XY004ID",1
"16061911211770032016-09-01","R012XY004ID",1
"16061912502884512016-09-01","R012XY004ID",1
"16061913020328982016-09-01","R012XY004ID",1
"16061919372278102016-09-01","R012XY004ID",1
"16062008475768452016-09-01","R012XY004ID",1
"16062009182219542016-09-01","R012XY004ID",1
"1606201027175312016-09-01","R012XY004ID",1
"16062011451732952016-09-01","R012XY004ID",1
"16062109135463532016-09-01","R012XY004ID",1
"16062109461747432016-09-01","R012XY004ID",1
"16062109494876812016-09-01","R012XY004ID",1
"16062112155633542016-09-01","R012XY004ID",1
"16062708330023212016-09-01","R012XY004ID",1
"16062814103759162016-09-01","R012XY004ID",1
"16062910072314412016-09-01","R012XY004ID",1
"16062912254151092016-09-01","R012XY004ID",1
"16062918570678002016-09-01","R012XY004ID",1
"16062919032058022016-09-01","R012XY004ID",1
"16063013313360022016-09-01","R012XY004ID",1
"16070107591132662016-09-01","R012XY004ID",1
"16070517350081222016-09-01","R012XY004ID",1
"16070607494996552016-09-01","R012XY004ID",1
"16070611523696522016-09-01","R012XY004ID",1
"16070612241527032016-09-01","R012XY004ID",1
"16070613164736692016-09-01","R012XY004ID",1
"16070617225612132016-09-01","R012XY004ID",1
"16070707194826632016-09-01","R012XY004ID",1
"16071113092656792016-09-01","R012XY004ID",1
"16071114374835392016-09-01","R012XY004ID",1
"16071211592040772016-09-01","R012XY004ID",1
"16071212565056812016-09-01","R012XY004ID",1
"16071214431417972016-09-01","R012XY004ID",1
"16071308523241012016-09-01","R012XY004ID",1
"1607130933479832016-09-01","R012XY004ID",1
"16071310305864392016-09-01","R012XY004ID",1
"16071313155158832016-09-01","R012XY004ID",1
"16071316531618112016-09-01","R012XY004ID",1
"16071711290162282016-09-01","R012XY004ID",1
"16071717211749802016-09-01","R012XY004ID",1
"16071811464854802016-09-01","R012XY004ID",1
"16071813180678862016-09-01","R012XY004ID",1
"16071907383868692016-09-01","R012XY004ID",1
"16071909100080532016-09-01","R012XY004ID",1
"16071915501336442016-09-01","R012XY004ID",1
"16072118251479642016-09-01","R012XY004ID",1
"16072215013395852016-09-01","R012XY004ID",1
"16072515061787792016-09-01","R012XY046ID",1
"160726083407572016-09-01","R012XY004ID",1
"16072614082573312016-09-01","R012XY007ID",0.714285714285714
"16072708350388592016-09-01","R012XY046ID",1
"16072714152283732016-09-01","R012XY004ID",1
"16072809254297072016-09-01","R012XY004ID",1
"16072815035977672016-09-01","R012XY004ID",1
"16072916270893742016-09-01","R012XY004ID",1
"1607301013294242016-09-01","R012XY004ID",1
"16073015342594842016-09-01","R012XY004ID",1
"16073112464748282016-09-01","R012XY004ID",1
"16080110513098502016-09-01","R012XY004ID",1
"16080116082484792016-09-01","R012XY004ID",1
"16080209330929522016-09-01","R012XY004ID",1
"16080216124728622016-09-01","R012XY004ID",1
"16080309360676362016-09-01","R012XY046ID",1
"16080913491484122016-09-01","R012XY004ID",1
"16081013332294712016-09-01","R012XY004ID",1
"17050212593660562017-09-01","R012XY007ID",0.714285714285714
"1705031202255352017-09-01","R012XY007ID",0.571428571428571
"1705031749477082017-09-01","R012XY046ID",1
"17050814514294072017-09-01","R012XY009ID",0.714285714285714
"17050909534673182017-09-01","R012XY004ID",1
"17050910083974932017-09-01","R012XY046ID",1
"17050912440492072017-09-01","R012XY007ID",0.714285714285714
"1705101025506052017-09-01","R012XY046ID",1
"17051109210611402017-09-01","R012XY046ID",1
"17051509372921692017-09-01","R012XY004ID",1
"17051608503772942017-09-01","R012XY004ID",1
"17051613423177612017-09-01","R012XY046ID",1
"17051615391871452017-09-01","R012XY046ID",1
"17051709320239452017-09-01","R012XY004ID",1
"17051716080265962017-09-01","R012XY046ID",1
"17051716092824572017-09-01","R012XY004ID",1
"17051716103846422017-09-01","R012XY004ID",1
"17051718394389992017-09-01","R012XY046ID",1
"17051812483993032017-09-01","R012XY004ID",1
"17051813201246852017-09-01","R012XY046ID",1
"17051816081066412017-09-01","R012XY004ID",1
"1705190930187892017-09-01","R012XY004ID",1
"17051910085739442017-09-01","R012XY004ID",1
"17051910541911862017-09-01","R012XY004ID",1
"17051911190357242017-09-01","R012XY004ID",1
"17051915410220252017-09-01","R012XY004ID",1
"17052009255096492017-09-01","R012XY004ID",1
"17052009274213032017-09-01","R012XY004ID",1
"17052016185036182017-09-01","R012XY004ID",1
"17052017362357652017-09-01","R012XY004ID",1
"17052112161011552017-09-01","R012XY046ID",1
"17052209271858422017-09-01","R012XY046ID",1
"17052209360392582017-09-01","R012XY004ID",1
"17052211143855092017-09-01","R012XY004ID",1
"17052212384480562017-09-01","R012XY004ID",1
"170523102659362017-09-01","R012XY004ID",1
"17052311592513092017-09-01","R012XY004ID",1
"17052312464894102017-09-01","R012XY046ID",1
"17052313410041032017-09-01","R012XY004ID",1
"17052315133290062017-09-01","R012XY004ID",1
"17052408474684502017-09-01","R012XY004ID",1
"17052409120513612017-09-01","R012XY004ID",1
"17052410380894052017-09-01","R012XY004ID",1
"17052410480635972017-09-01","R012XY004ID",1
"17052510104637522017-09-01","R012XY004ID",1
"17052511415070442017-09-01","R012XY004ID",1
"17052910062616822017-09-01","R012XY004ID",1
"17053007461857922017-09-01","R012XY004ID",1
"17053011023369962017-09-01","R012XY046ID",1
"17053012333316382017-09-01","R012XY004ID",1
"17053014182183582017-09-01","R012XY046ID",1
"17053014213583552017-09-01","R012XY004ID",1
"17053112171795122017-09-01","R012XY004ID",1
"17060109012716722017-09-01","R012XY004ID",1
"17060109022311672017-09-01","R012XY004ID",1
"17060109043824182017-09-01","R012XY004ID",1
"17060109055824032017-09-01","R012XY004ID",1
"17060109063649412017-09-01","R012XY004ID",1
"17060109074833472017-09-01","R012XY004ID",1
"17060110124358262017-09-01","R012XY046ID",1
"17060112561653382017-09-01","R012XY004ID",1
"17060113184759492017-09-01","R012XY046ID",1
"17060114220529472017-09-01","R012XY004ID",1
"17060211203413032017-09-01","R012XY004ID",1
"17060214271487462017-09-01","R012XY004ID",1
"17060216215431532017-09-01","R012XY004ID",1
"17060309185086122017-09-01","R012XY004ID",1
"17060310150878492017-09-01","R012XY004ID",1
"17060315395024812017-09-01","R012XY004ID",1
"17060318095185032017-09-01","R012XY004ID",1
"17060409534559382017-09-01","R012XY004ID",1
"17060414553340732017-09-01","R012XY004ID",1
"17060415391499322017-09-01","R012XY004ID",1
"17060510583568372017-09-01","R012XY004ID",1
"17060511165237712017-09-01","R012XY004ID",1
"17060512553217222017-09-01","R012XY004ID",1
"17060607494622502017-09-01","R012XY004ID",1
"17060608272741622017-09-01","R012XY004ID",1
"17060608565063022017-09-01","R012XY046ID",1
"17060610023361252017-09-01","R012XY004ID",1
"17060612252214242017-09-01","R012XY004ID",1
"17060614550227792017-09-01","R012XY004ID",1
"17060615554312282017-09-01","R012XY004ID",1
"17060709101466642017-09-01","R012XY004ID",1
"17060711271197682017-09-01","R012XY004ID",1
"17060711271559342017-09-01","R012XY004ID",1
"17060713085743032017-09-01","R012XY004ID",1
"17060714161866862017-09-01","R012XY046ID",1
"17060716084786882017-09-01","R012XY046ID",1
"17060810533134882017-09-01","R012XY004ID",1
"17060811372963312017-09-01","R012XY004ID",1
"17061209022889292017-09-01","R012XY004ID",1
"17061307572048172017-09-01","R012XY004ID",1
"17061411094967642017-09-01","R012XY004ID",1
"17061415223654982017-09-01","R012XY004ID",1
"17061415561442142017-09-01","R012XY004ID",1
"17061417505496712017-09-01","R012XY004ID",1
"17061508350519962017-09-01","R012XY004ID",1
"17061508495314952017-09-01","R012XY004ID",1
"17061509220431412017-09-01","R012XY046ID",1
"17061509360086682017-09-01","R012XY004ID",1
"17061510535476492017-09-01","R012XY004ID",1
"17061511263784482017-09-01","R012XY046ID",1
"17061511425075952017-09-01","R012XY004ID",1
"17061513360116732017-09-01","R012XY004ID",1
"17061514163093402017-09-01","R012XY004ID",1
"17061515290349442017-09-01","R012XY004ID",1
"17061608403735162017-09-01","R012XY004ID",1
"17061609045386592017-09-01","R012XY004ID",1
"17061609512686812017-09-01","R012XY004ID",1
"17061610120565752017-09-01","R012XY004ID",1
"17061610423459132017-09-01","R012XY004ID",1
"17061614204719042017-09-01","R012XY004ID",1
"17061614441310212017-09-01","R012XY004ID",1
"17061615324996312017-09-01","R012XY004ID",1
"17061708305368932017-09-01","R012XY004ID",1
"17061709113432542017-09-01","R012XY004ID",1
"17061710033527152017-09-01","R012XY004ID",1
"17061710093680712017-09-01","R012XY046ID",1
"17061710592736852017-09-01","R012XY004ID",1
"17061715525458622017-09-01","R012XY004ID",1
"1706171610573682017-09-01","R012XY004ID",1
"17061716252940712017-09-01","R012XY007ID",0.571428571428571
"17061717275731362017-09-01","R012XY004ID",1
"17061808092321272017-09-01","R012XY004ID",1
"17061809251374262017-09-01","R012XY004ID",1
"17061811433669552017-09-01","R012XY004ID",1
"17061811461055512017-09-01","R012XY004ID",1
"17061812305863612017-09-01","R012XY004ID",1
"17061815433465762017-09-01","R012XY004ID",1
"17061816194442222017-09-01","R012XY004ID",1
"17061817280537412017-09-01","R012XY004ID",1
"1706190903161822017-09-01","R012XY004ID",1
"17061909215325532017-09-01","R012XY012ID",1
"17061909533195612017-09-01","R012XY007ID",0.571428571428571
"1706191415365652017-09-01","R012XY004ID",1
"17061914354536302017-09-01","R012XY004ID",1
"17061914405759132017-09-01","R012XY004ID",1
"17061914531314122017-09-01","R012XY007ID",0.571428571428571
"17062010574959182017-09-01","R012XY004ID",1
"17062011211919852017-09-01","R012XY004ID",1
"17062014450418102017-09-01","R012XY004ID",1
"17062017221493332017-09-01","R012XY007ID",0.714285714285714
"17062112272724722017-09-01","R012XY007ID",0.428571428571429
"1706211348115412017-09-01","R012XY004ID",1
"17062113493169602017-09-01","R012XY007ID",0.857142857142857
"17062115162359562017-09-01","R012XY007ID",0.714285714285714
"17062116324693432017-09-01","R012XY046ID",1
"17062208331978672017-09-01","R012XY046ID",1
"17062211341246642017-09-01","R012XY004ID",1
"17062617214918532017-09-01","R012XY004ID",1
"17062713165669102017-09-01","R012XY004ID",1
"17062714013458962017-09-01","R012XY004ID",1
"17062809134352272017-09-01","R012XY004ID",1
"17062810404713012017-09-01","R012XY004ID",1
"17062814215093742017-09-01","R012XY004ID",1
"17062909470997062017-09-01","R012XY004ID",1
"17062910532291592017-09-01","R012XY004ID",1
"17062911282881572017-09-01","R012XY004ID",1
"17062916252163592017-09-01","R012XY004ID",1
"17062917480372712017-09-01","R012XY004ID",1
"17063008134453372017-09-01","R012XY004ID",1
"17063009475645012017-09-01","R012XY004ID",1
"17063009543573882017-09-01","R012XY004ID",1
"17063011363566252017-09-01","R012XY004ID",1
"1706301152401822017-09-01","R012XY004ID",1
"17063014483657922017-09-01","R012XY004ID",1
"17063016432854152017-09-01","R012XY004ID",1
"17063017013478772017-09-01","R012XY004ID",1
"1707011017045132017-09-01","R012XY004ID",1
"17070110325362892017-09-01","R012XY004ID",1
"17070111455616072017-09-01","R012XY004ID",1
"17070112445583132017-09-01","R012XY004ID",1
"17070113022776972017-09-01","R012XY004ID",1
"17070115271667362017-09-01","R012XY004ID",1
"17070116083656952017-09-01","R012XY004ID",1
"17070207545459002017-09-01","R012XY004ID",1
"17070209315059592017-09-01","R012XY004ID",1
"17070209395365692017-09-01","R012XY004ID",1
"17070209513252102017-09-01","R012XY004ID",1
"17070211045499252017-09-01","R012XY004ID",1
"17070213153237442017-09-01","R012XY004ID",1
"17070215021732412017-09-01","R012XY004ID",1
"17070215250897032017-09-01","R012XY004ID",1
"1707030751289692017-09-01","R012XY004ID",1
"17070309511157472017-09-01","R012XY004ID",1
"1707031022482442017-09-01","R012XY021ID",1
"1707031302525782017-09-01","R012XY004ID",1
"17070313450236322017-09-01","R012XY004ID",1
"17070315485871352017-09-01","R012XY004ID",1
"17070515462993602017-09-01","R012XY004ID",1
"17070611465085042017-09-01","R012XY004ID",1
"17070710205415822017-09-01","R012XY004ID",1
"17071016434791462017-09-01","R012XY004ID",1
"17071113011927952017-09-01","R012XY004ID",1
"17071209103296752017-09-01","R012XY004ID",1
"1707121121124962017-09-01","R012XY004ID",1
"17071214042671172017-09-01","R012XY004ID",1
"17071216334821742017-09-01","R012XY004ID",1
"17071219004935182017-09-01","R012XY004ID",1
"17071309463229902017-09-01","R012XY004ID",1
"17071310110981662017-09-01","R012XY004ID",1
"17071310394511362017-09-01","R012XY004ID",1
"17071315444869222017-09-01","R012XY004ID",1
"17071409283656882017-09-01","R012XY004ID",1
"17071410040188992017-09-01","R012XY004ID",1
"17071413463524042017-09-01","R012XY004ID",1
"17071415313992572017-09-01","R012XY004ID",1
"17071416435352902017-09-01","R012XY007ID",0.714285714285714
"17071417181529182017-09-01","R012XY004ID",1
"17071508310331702017-09-01","R012XY004ID",1
"17071510010733202017-09-01","R012XY046ID",1
"17071510081918192017-09-01","R012XY004ID",1
"17071510365631692017-09-01","R012XY004ID",1
"17071510561582032017-09-01","R012XY004ID",1
"17071516514475452017-09-01","R012XY004ID",1
"17071517184084812017-09-01","R012XY002ID",1
"1707151739019452017-09-01","R012XY004ID",1
"17071609374639032017-09-01","R012XY004ID",1
"17071610161116572017-09-01","R012XY012ID",1
"17071611211560452017-09-01","R012XY046ID",1
"17071611351952512017-09-01","R012XY004ID",1
"17071612242231452017-09-01","R012XY004ID",1
"17071612345288982017-09-01","R012XY004ID",1
"17071613551174142017-09-01","R012XY004ID",1
"17071615550770762017-09-01","R012XY004ID",1
"17071616164661062017-09-01","R012XY046ID",1
"17071707093259072017-09-01","R012XY004ID",1
"17071708043566592017-09-01","R012XY004ID",1
"17071708310160092017-09-01","R012XY004ID",1
"1707170927078142017-09-01","R012XY004ID",1
"17071709480671482017-09-01","R012XY004ID",1
"17071709571882912017-09-01","R012XY012ID",1
"17071710120546512017-09-01","R012XY004ID",1
"17071711584652222017-09-01","R012XY046ID",1
"1707171324246702017-09-01","R012XY004ID",1
"1707171328459882017-09-01","R012XY004ID",1
"17071716150121932017-09-01","R012XY004ID",1
"17071717081881462017-09-01","R012XY004ID",1
"17071717452827162017-09-01","R012XY004ID",1
"17071810014691382017-09-01","R012XY004ID",1
"17071813080225412017-09-01","R012XY004ID",1
"17071813403575682017-09-01","R012XY004ID",1
"17071818584989502017-09-01","R012XY004ID",1
"17071911510871202017-09-01","R012XY004ID",1
"17071918245098272017-09-01","R012XY004ID",1
"17072008441432882017-09-01","R012XY004ID",1
"17072116443813392017-09-01","R012XY004ID",1
"1707241543442872017-09-01","R012XY004ID",1
"17072510225413782017-09-01","R012XY004ID",1
"1707251453295162017-09-01","R012XY004ID",1
"17072612513748102017-09-01","R012XY004ID",1
"17072709132048692017-09-01","R012XY046ID",1
"17072709260628632017-09-01","R012XY004ID",1
"17072713285523172017-09-01","R012XY004ID",1
"17072715451395102017-09-01","R012XY004ID",1
"17072811393641172017-09-01","R012XY004ID",1
"17072811583351452017-09-01","R012XY004ID",1
"17072812043966132017-09-01","R012XY004ID",1
"17072812070549822017-09-01","R012XY004ID",1
"17072812104627772017-09-01","R012XY004ID",1
"17072817370031542017-09-01","R012XY004ID",1
"17072818163016152017-09-01","R012XY004ID",1
"17072908075370022017-09-01","R012XY004ID",1
"1707290951053562017-09-01","R012XY004ID",1
"17072909514035152017-09-01","R012XY004ID",1
"17072911280373232017-09-01","R012XY004ID",1
"17072913210724502017-09-01","R012XY004ID",1
"17072916282355612017-09-01","R012XY004ID",1
"17073007392342862017-09-01","R012XY046ID",1
"17073008383679762017-09-01","R012XY004ID",1
"17073009064015522017-09-01","R012XY004ID",1
"17073009141029682017-09-01","R012XY046ID",1
"17073009482330612017-09-01","R012XY004ID",1
"17073010322395772017-09-01","R012XY004ID",1
"17073011244816922017-09-01","R012XY004ID",1
"17073014141014352017-09-01","R012XY046ID",1
"17073014581436902017-09-01","R012XY004ID",1
"17073015131754402017-09-01","R012XY004ID",1
"17073015531037872017-09-01","R012XY004ID",1
"17073015553710692017-09-01","R012XY004ID",1
"17073107534648582017-09-01","R012XY012ID",1
"17073109335288342017-09-01","R012XY004ID",1
"17073110362037562017-09-01","R012XY004ID",1
"17073111373683272017-09-01","R012XY004ID",1
"17073116483263962017-09-01","R012XY004ID",1
"17080108282540972017-09-01","R012XY012ID",1
"17080114010298382017-09-01","R012XY012ID",1
"17080114434547302017-09-01","R012XY021ID",1
"17080115171612362017-09-01","R012XY004ID",1
"17080208430689152017-09-01","R012XY007ID",0.857142857142857
"17080209123273962017-09-01","R012XY046ID",1
"17080210160967602017-09-01","R012XY004ID",1
"17080211193340582017-09-01","R012XY004ID",1
"17080212142528192017-09-01","R012XY007ID",0.428571428571429
"17080214254252042017-09-01","R012XY002ID",0.571428571428571
"17080712112793482017-09-01","R012XY004ID",1
"17080713482045592017-09-01","R012XY007ID",0.714285714285714
"17080808414729282017-09-01","R012XY046ID",1
"17080809203374922017-09-01","R012XY004ID",1
"17080815381983172017-09-01","R012XY046ID",1
"17080816374670442017-09-01","R012XY004ID",1
"1708091001521782017-09-01","R012XY007ID",0.857142857142857
"17080911181810032017-09-01","R012XY004ID",1
"17080911592027552017-09-01","R012XY021ID",1
"17080912232595172017-09-01","R012XY004ID",1
"17080912555684982017-09-01","R012XY004ID",1
"17080917002045432017-09-01","R012XY007ID",0.714285714285714
"17080917054142802017-09-01","R012XY004ID",1
"170809170711352017-09-01","R012XY004ID",1
"17080917321396772017-09-01","R012XY004ID",1
"17081009362515242017-09-01","R012XY004ID",1
"17081011151550522017-09-01","R012XY004ID",1
"17081011331051332017-09-01","R012XY004ID",1
"17081014404655972017-09-01","R012XY004ID",1
"17081015450254282017-09-01","R012XY004ID",1
"17081109270071302017-09-01","R012XY004ID",1
"17081110250481942017-09-01","R012XY004ID",1
"17081113100671472017-09-01","R012XY004ID",1
"17081114183347162017-09-01","R012XY004ID",1
"17081209514835142017-09-01","R012XY004ID",1
"17081210371551172017-09-01","R012XY012ID",1
"17081212312848312017-09-01","R012XY046ID",1
"17081215494731072017-09-01","R012XY004ID",1
"17081217362746502017-09-01","R012XY002ID",0.571428571428571
"17081308121856732017-09-01","R012XY004ID",1
"17081308190785592017-09-01","R012XY012ID",1
"17081311230160912017-09-01","R012XY004ID",1
"17081315323532482017-09-01","R012XY004ID",1
"17081410543878222017-09-01","R012XY007ID",0.714285714285714
"17081411234247702017-09-01","R012XY025ID",1
"17081412312587852017-09-01","R012XY004ID",1
"17081414284220402017-09-01","R012XY004ID",1
"17081415042563292017-09-01","R012XY004ID",1
"17081417501093942017-09-01","R012XY004ID",1
"17081510554677772017-09-01","R012XY004ID",1
"17081607441718982017-09-01","R012XY021ID",1
"17081609123427482017-09-01","R012XY004ID",1
"1708161350366382017-09-01","R012XY004ID",1
"17081614445267892017-09-01","R012XY004ID",1
"17082215380271522017-09-01","R012XY004ID",1
"17082309535722962017-09-01","R012XY004ID",1
"17082315382464932017-09-01","R012XY004ID",1
"17082316120090722017-09-01","R012XY004ID",1
"17082410294741312017-09-01","R012XY046ID",1
"17082412272333252017-09-01","R012XY004ID",1
"17082412381034562017-09-01","R012XY004ID",1
"17082412414152792017-09-01","R012XY021ID",1
"17082510412592122017-09-01","R012XY004ID",1
"17082510530856702017-09-01","R012XY007ID",0.714285714285714
"17082515561365532017-09-01","R012XY010ID",1
"17082517315540322017-09-01","R012XY004ID",1
"17082607560449892017-09-01","R012XY004ID",1
"17082610041965312017-09-01","R012XY012ID",1
"17082613480812142017-09-01","R012XY004ID",1
"1708261435516702017-09-01","R012XY004ID",1
"17082709360063102017-09-01","R012XY024ID",1
"17082710032910632017-09-01","R012XY004ID",1
"17082717541630212017-09-01","R012XY004ID",1
"17082812094340142017-09-01","R012XY004ID",1
"17082815171493072017-09-01","R012XY021ID",1
"17082908173627362017-09-01","R012XY004ID",1
"17082912002998032017-09-01","R012XY004ID",1
"17082912010794942017-09-01","R012XY004ID",1
"17082912202932882017-09-01","R012XY004ID",1
"17083007433020572017-09-01","R012XY046ID",1
"17083008385787032017-09-01","R012XY021ID",1
"17083009512811152017-09-01","R012XY012ID",1
"17083010104723592017-09-01","R012XY004ID",1
"17083011061935852017-09-01","R012XY012ID",1
"17083012381969262017-09-01","R012XY004ID",1
"17083016021357232017-09-01","R012XY004ID",1
"17083108080489272017-09-01","R012XY046ID",1
"17083109000710542017-09-01","R012XY046ID",1
"1708311131061412017-09-01","R012XY004ID",1
"17083114394627432017-09-01","R012XY004ID",1
"17083115585490502017-09-01","R012XY004ID",1
"17090507135995872017-09-01","R012XY004ID",1
"17090508472127522017-09-01","R012XY046ID",1
"17090613331529442017-09-01","R012XY046ID",1
"17090709565841352017-09-01","R012XY046ID",1
"17090710532078122017-09-01","R012XY004ID",1
"17090717322514582017-09-01","R012XY004ID",1
"17090809554273312017-09-01","R012XY004ID",1
"17090813023632262017-09-01","R012XY012ID",1
"17090909211880342017-09-01","R012XY012ID",1
"17090910015232932017-09-01","R012XY004ID",1
"17090914200251612017-09-01","R012XY012ID",1
"17091010172741462017-09-01","R012XY004ID",1
"17091010380853472017-09-01","R012XY004ID",1
"17091108471178522017-09-01","R012XY004ID",1
"17091109463481962017-09-01","R012XY004ID",1
"1710121206447272017-09-01","R012XY004ID",1
"17101215062195452017-09-01","R012XY004ID",1
"17101308475455382017-09-01","R012XY004ID",1
"17101310244460352017-09-01","R012XY004ID",1
"17101312332135302017-09-01","R012XY004ID",1
"18042715553239972018-09-01","R012XY007ID",0.857142857142857
"18050708533343092018-09-01","R012XY009ID",0.571428571428571
"18050708540572552018-09-01","R012XY004ID",1
"18050708542872442018-09-01","R012XY046ID",1
"18050708544911662018-09-01","R012XY007ID",0.714285714285714
"18051715115542432018-09-01","R012XY007ID",0.714285714285714
"18052309204664122018-09-01","R012XY004ID",1
"1805231831207812018-09-01","R012XY004ID",1
"18061413011619532018-09-01","R012XY004ID",1
"18061512520779362018-09-01","R012XY004ID",1
"18061611451347252018-09-01","R012XY004ID",1
"18061711552959522018-09-01","R012XY004ID",1
"18061816433712162018-09-01","R012XY004ID",1
"18061910335877822018-09-01","R012XY004ID",1
"18061915304278272018-09-01","R012XY004ID",1
"18061917264765802018-09-01","R012XY004ID",1
"18062514052378962018-09-01","R012XY046ID",1
"18062709433345742018-09-01","R012XY046ID",1
"18070207444079422018-09-01","R012XY004ID",1
"18071210195367582018-09-01","R012XY004ID",1
"18071312105380882018-09-01","R012XY004ID",1
"18071609460231312018-09-01","R012XY004ID",1
"18071710043358312018-09-01","R012XY004ID",1
"18072616595340252018-09-01","R012XY004ID",1
"18072810162693212018-09-01","R012XY004ID",1
"18073113442453132018-09-01","R012XY007ID",0.571428571428571
"19042515582284022019-09-01","R012XY004ID",1
"19042515590125062019-09-01","R012XY004ID",1
"19042515592539312019-09-01","R012XY004ID",1
"19042515593391072019-09-01","R012XY004ID",1
"19042516041553642019-09-01","R012XY004ID",1
"19042516061090192019-09-01","R012XY004ID",1
"19042516084230222019-09-01","R012XY004ID",1
"19042516091233502019-09-01","R012XY004ID",1
"19042516095951792019-09-01","R012XY004ID",1
"19042516102616172019-09-01","R012XY004ID",1
"19042516105467712019-09-01","R012XY004ID",1
"19042516120151882019-09-01","R012XY004ID",1
"19042516140096152019-09-01","R012XY012ID",1
"19042516143957132019-09-01","R012XY004ID",1
"19042516150810292019-09-01","R012XY004ID",1
"19042516155957402019-09-01","R012XY004ID",1
"19042516162450632019-09-01","R012XY004ID",1
"19042516165317332019-09-01","R012XY004ID",1
"19042516172366942019-09-01","R012XY004ID",1
"19042516175491332019-09-01","R012XY004ID",1
"19042516200480182019-09-01","R012XY004ID",1
"19042516203047802019-09-01","R012XY004ID",1
"19042516211064662019-09-01","R012XY004ID",1
"19042516213642672019-09-01","R012XY004ID",1
"19042516220317942019-09-01","R012XY004ID",1
"19042516223235722019-09-01","R012XY004ID",1
"19042516225851432019-09-01","R012XY004ID",1
"19042516232341982019-09-01","R012XY004ID",1
"19042516235595582019-09-01","R012XY004ID",1
"19042516242532222019-09-01","R012XY004ID",1
"19042516245383202019-09-01","R012XY004ID",1
"19042516251996122019-09-01","R012XY004ID",1
"19042516254939242019-09-01","R012XY004ID",1
"19042516271225072019-09-01","R012XY004ID",1
"19042516290325112019-09-01","R012XY004ID",1
"1904261131467032019-09-01","R012XY004ID",1
"19042611393475402019-09-01","R012XY004ID",1
"19042611401038302019-09-01","R012XY004ID",1
"19042611461357422019-09-01","R012XY004ID",1
"19042611464420422019-09-01","R012XY004ID",1
"1904261147356332019-09-01","R012XY004ID",1
"19042611492764362019-09-01","R012XY004ID",1
"19042611495269622019-09-01","R012XY004ID",1
"19042611501691002019-09-01","R012XY004ID",1
"19042611504828282019-09-01","R012XY004ID",1
"19042611521595732019-09-01","R012XY004ID",1
"1904261154346172019-09-01","R012XY004ID",1
"19042611590543202019-09-01","R012XY004ID",1
"19042611592950572019-09-01","R012XY004ID",1
"19042612002518942019-09-01","R012XY004ID",1
"19042612021370652019-09-01","R012XY004ID",1
"19042612023495522019-09-01","R012XY004ID",1
"19042612331280732019-09-01","R012XY004ID",1
"19042612340513052019-09-01","R012XY012ID",1
"19042612400574522019-09-01","R012XY004ID",1
"19042612403921252019-09-01","R012XY004ID",1
"19042612410981732019-09-01","R012XY004ID",1
"19042612414815952019-09-01","R012XY004ID",1
"19050208523727422019-09-01","R012XY046ID",1
"19050214563341002019-09-01","R012XY046ID",1
"19050215250183992019-09-01","R012XY007ID",0.714285714285714
"19050309404247602019-09-01","R012XY046ID",1
"19050310451570872019-09-01","R012XY046ID",1
"19050313370184852019-09-01","R012XY004ID",1
"19050314073448672019-09-01","R012XY046ID",1
"19050408430986012019-09-01","R012XY046ID",1
"19050408454296072019-09-01","R012XY004ID",1
"19050409034332422019-09-01","R012XY046ID",1
"19050409152225062019-09-01","R012XY004ID",1
"19050411091918032019-09-01","R012XY007ID",0.714285714285714
"19050411134663312019-09-01","R012XY046ID",1
"1905041127444212019-09-01","R012XY004ID",1
"19050414354448512019-09-01","R012XY046ID",1
"1905050707289642019-09-01","R012XY046ID",1
"19050507082374772019-09-01","R012XY046ID",1
"19050507091491972019-09-01","R012XY046ID",1
"190505093613532019-09-01","R012XY004ID",1
"19050510434979162019-09-01","R012XY004ID",1
"19050510535474272019-09-01","R012XY004ID",1
"19050512282618502019-09-01","R012XY007ID",0.714285714285714
"1905060725176892019-09-01","R012XY004ID",1
"19050608341883622019-09-01","R012XY004ID",1
"19050608395616822019-09-01","R012XY004ID",1
"19050611091921182019-09-01","R012XY007ID",0.714285714285714
"19050611433584952019-09-01","R012XY046ID",1
"19050611451037432019-09-01","R012XY004ID",1
"19050612340373002019-09-01","R012XY004ID",1
"19050615084482842019-09-01","R012XY007ID",0.714285714285714
"19050622062049152019-09-01","R012XY004ID",1
"19050708275812352019-09-01","R012XY004ID",1
"19050708321981302019-09-01","R012XY046ID",1
"19050710202353472019-09-01","R012XY004ID",1
"19050710523828802019-09-01","R012XY004ID",1
"19050712145139422019-09-01","R012XY046ID",1
"19050714390060972019-09-01","R012XY004ID",1
"19050716105490262019-09-01","R012XY019ID",0.714285714285714
"19050808044480992019-09-01","R012XY004ID",1
"19050809501337932019-09-01","R012XY004ID",1
"19051409581382302019-09-01","R012XY007ID",0.714285714285714
"19051415231850262019-09-01","R012XY007ID",0.857142857142857
"1905151122529482019-09-01","R012XY007ID",0.714285714285714
"19051512363652522019-09-01","R012XY004ID",1
"19051608501755842019-09-01","R012XY004ID",1
"19051609244163182019-09-01","R012XY004ID",1
"19051609305887712019-09-01","R012XY007ID",0.857142857142857
"1905160931569452019-09-01","R012XY007ID",0.714285714285714
"19051609341591892019-09-01","R012XY046ID",1
"19051610104625062019-09-01","R012XY004ID",1
"19051611312291822019-09-01","R012XY046ID",1
"19051614501049062019-09-01","R012XY007ID",0.571428571428571
"19051615021923592019-09-01","R012XY007ID",0.714285714285714
"19051615522841182019-09-01","R012XY004ID",1
"19051617011316182019-09-01","R012XY004ID",1
"19051617185672912019-09-01","R012XY004ID",1
"19051708465917022019-09-01","R012XY004ID",1
"19051709522136482019-09-01","R012XY004ID",1
"19051711580191202019-09-01","R012XY004ID",1
"19051714042428762019-09-01","R012XY004ID",1
"19051716033091102019-09-01","R012XY046ID",1
"19051719303451612019-09-01","R012XY004ID",1
"19051807455774152019-09-01","R012XY004ID",1
"19051808364811382019-09-01","R012XY004ID",1
"1905181023341802019-09-01","R012XY004ID",1
"19051810383599552019-09-01","R012XY046ID",1
"19051811115039962019-09-01","R012XY046ID",1
"19051811430936072019-09-01","R012XY046ID",1
"19051814172045882019-09-01","R012XY004ID",1
"19051815441127962019-09-01","R012XY046ID",1
"19051815493165892019-09-01","R012XY046ID",1
"19051816540882232019-09-01","R012XY004ID",1
"19051817093875362019-09-01","R012XY007ID",0.714285714285714
"19051908260273722019-09-01","R012XY004ID",1
"19051910164325942019-09-01","R012XY046ID",1
"1905191138252982019-09-01","R012XY004ID",1
"19051912362997642019-09-01","R012XY004ID",1
"19051913115594652019-09-01","R012XY007ID",0.571428571428571
"19051913170960982019-09-01","R012XY004ID",1
"19051914525055582019-09-01","R012XY046ID",1
"19051916151526052019-09-01","R012XY004ID",1
"19052008104031482019-09-01","R012XY004ID",1
"19052008213665242019-09-01","R012XY004ID",1
"1905201031339912019-09-01","R012XY046ID",1
"19052011025197462019-09-01","R012XY004ID",1
"19052011421467802019-09-01","R012XY004ID",1
"19052011520133422019-09-01","R012XY003ID",0.428571428571429
"19052013394798932019-09-01","R012XY046ID",1
"19052110115658812019-09-01","R012XY046ID",1
"19052710382548582019-09-01","R012XY007ID",0.714285714285714
"1905280912002532019-09-01","R012XY046ID",1
"19052810535477422019-09-01","R012XY046ID",1
"19052815041890442019-09-01","R012XY046ID",1
"19052815120830532019-09-01","R012XY046ID",1
"19052911384220592019-09-01","R012XY004ID",1
"19052912002167052019-09-01","R012XY004ID",1
"19052913151051892019-09-01","R012XY004ID",1
"19053008492916892019-09-01","R012XY004ID",1
"19053008525141852019-09-01","R012XY046ID",1
"1905300902087212019-09-01","R012XY004ID",1
"19053009024380192019-09-01","R012XY046ID",1
"19053009054666502019-09-01","R012XY046ID",1
"19053009242967662019-09-01","R012XY004ID",1
"19053009414129522019-09-01","R012XY004ID",1
"19053010285425742019-09-01","R012XY004ID",1
"19053010560373062019-09-01","R012XY046ID",1
"19053013053931042019-09-01","R012XY004ID",1
"19053014014114612019-09-01","R012XY004ID",1
"19053014202741042019-09-01","R012XY046ID",1
"19053014352889492019-09-01","R012XY004ID",1
"19053016115947482019-09-01","R012XY004ID",1
"19053108451814722019-09-01","R012XY046ID",1
"19053109264631422019-09-01","R012XY004ID",1
"19053110485764632019-09-01","R012XY004ID",1
"1905311101526322019-09-01","R012XY004ID",1
"19053111031350232019-09-01","R012XY046ID",1
"19053111032920502019-09-01","R012XY004ID",1
"19053112271953832019-09-01","R012XY004ID",1
"19053113124153632019-09-01","R012XY004ID",1
"1905311332585292019-09-01","R012XY004ID",1
"19053113335695202019-09-01","R012XY004ID",1
"19053113570627302019-09-01","R012XY046ID",1
"19053114431819732019-09-01","R012XY046ID",1
"19060109175791882019-09-01","R012XY004ID",1
"19060110312553202019-09-01","R012XY004ID",1
"19060111053787072019-09-01","R012XY004ID",1
"19060111155829412019-09-01","R012XY046ID",1
"19060113051018652019-09-01","R012XY004ID",1
"19060113171971642019-09-01","R012XY004ID",1
"19060113223765892019-09-01","R012XY004ID",1
"19060114490960782019-09-01","R012XY004ID",1
"19060115033962172019-09-01","R012XY004ID",1
"19060117054056352019-09-01","R012XY004ID",1
"19060118153988672019-09-01","R012XY004ID",1
"19060208261516342019-09-01","R012XY004ID",1
"19060209005521592019-09-01","R012XY004ID",1
"19060209081387242019-09-01","R012XY004ID",1
"19060209091999002019-09-01","R012XY004ID",1
"19060210523972552019-09-01","R012XY004ID",1
"19060211441220592019-09-01","R012XY046ID",1
"1906021229053862019-09-01","R012XY004ID",1
"1906021415287792019-09-01","R012XY004ID",1
"19060214340394062019-09-01","R012XY004ID",1
"1906021458107582019-09-01","R012XY004ID",1
"19060216140054992019-09-01","R012XY004ID",1
"19060218041682592019-09-01","R012XY004ID",1
"19060309250740112019-09-01","R012XY004ID",1
"19060309333714182019-09-01","R012XY046ID",1
"19060310092252702019-09-01","R012XY004ID",1
"19060311354227252019-09-01","R012XY004ID",1
"19060312141798992019-09-01","R012XY004ID",1
"19060312322128872019-09-01","R012XY004ID",1
"19060312533616262019-09-01","R012XY046ID",1
"19060313121344192019-09-01","R012XY004ID",1
"19060313214866232019-09-01","R012XY004ID",1
"19060314404765722019-09-01","R012XY004ID",1
"1906031520444002019-09-01","R012XY004ID",1
"19060407484395032019-09-01","R012XY046ID",1
"19060408331783592019-09-01","R012XY046ID",1
"19060409481213472019-09-01","R012XY004ID",1
"19060410001383962019-09-01","R012XY004ID",1
"19060410073569652019-09-01","R012XY004ID",1
"19060410153442912019-09-01","R012XY004ID",1
"19060411300694892019-09-01","R012XY046ID",1
"19060413594529872019-09-01","R012XY004ID",1
"1906041629427852019-09-01","R012XY001ID",1
"19060512010071332019-09-01","R012XY004ID",1
"19060609044588262019-09-01","R012XY004ID",1
"19061111131790662019-09-01","R012XY046ID",1
"19061111361038322019-09-01","R012XY004ID",1
"19061115501386782019-09-01","R012XY004ID",1
"19061116015426182019-09-01","R012XY004ID",1
"19061116534788252019-09-01","R012XY004ID",1
"1906111713247982019-09-01","R012XY004ID",1
"19061210211292072019-09-01","R012XY004ID",1
"19061210451141412019-09-01","R012XY004ID",1
"19061211001977092019-09-01","R012XY004ID",1
"19061211022280912019-09-01","R012XY004ID",1
"19061212271368042019-09-01","R012XY004ID",1
"19061214063514482019-09-01","R012XY004ID",1
"19061214262945312019-09-01","R012XY004ID",1
"19061214573081912019-09-01","R012XY046ID",1
"19061215123462142019-09-01","R012XY004ID",1
"19061216300544182019-09-01","R012XY004ID",1
"19061308241150442019-09-01","R012XY004ID",1
"19061309410741232019-09-01","R012XY004ID",1
"19061309414082792019-09-01","R012XY004ID",1
"19061310185347412019-09-01","R012XY004ID",1
"19061310224721652019-09-01","R012XY004ID",1
"190613103533322019-09-01","R012XY004ID",1
"19061311034560972019-09-01","R012XY001ID",0.4
"19061311402377222019-09-01","R012XY004ID",1
"19061312191673362019-09-01","R012XY004ID",1
"19061313250277562019-09-01","R012XY004ID",1
"19061313565541662019-09-01","R012XY004ID",1
"19061314590112442019-09-01","R012XY004ID",1
"19061315345385382019-09-01","R012XY046ID",1
"19061317174538582019-09-01","R012XY004ID",1
"19061320124831252019-09-01","R012XY004ID",1
"19061408154287642019-09-01","R012XY004ID",1
"19061409164794772019-09-01","R012XY004ID",1
"19061409252251952019-09-01","R012XY004ID",1
"19061409320354392019-09-01","R012XY004ID",1
"19061411473362452019-09-01","R012XY004ID",1
"19061412312066422019-09-01","R012XY004ID",1
"19061412313314112019-09-01","R012XY004ID",1
"19061413101534512019-09-01","R012XY046ID",1
"19061415231223112019-09-01","R012XY004ID",1
"19061415261785992019-09-01","R012XY004ID",1
"19061509451944462019-09-01","R012XY004ID",1
"19061510145745172019-09-01","R012XY004ID",1
"19061510155273332019-09-01","R012XY004ID",1
"1906151016114932019-09-01","R012XY046ID",1
"19061510194030642019-09-01","R012XY004ID",1
"19061511084272062019-09-01","R012XY004ID",1
"19061514252063662019-09-01","R012XY004ID",1
"19061514460246492019-09-01","R012XY004ID",1
"19061516382217962019-09-01","R012XY004ID",1
"19061608092769312019-09-01","R012XY004ID",1
"19061608344157962019-09-01","R012XY004ID",1
"19061609551666592019-09-01","R012XY004ID",1
"19061610135310382019-09-01","R012XY004ID",1
"19061610182299312019-09-01","R012XY004ID",1
"19061611231932812019-09-01","R012XY004ID",1
"19061611292693382019-09-01","R012XY004ID",1
"19061614135864502019-09-01","R012XY004ID",1
"19061615332053092019-09-01","R012XY004ID",1
"1906161547485922019-09-01","R012XY004ID",1
"1906161549016232019-09-01","R012XY004ID",1
"19061708400411222019-09-01","R012XY004ID",1
"19061709205827932019-09-01","R012XY004ID",1
"19061709555312652019-09-01","R012XY004ID",1
"1906171005351062019-09-01","R012XY004ID",1
"19061710302196362019-09-01","R012XY004ID",1
"19061711545430002019-09-01","R012XY012ID",1
"19061713342075372019-09-01","R012XY046ID",1
"19061713363473412019-09-01","R012XY012ID",1
"19061714053751352019-09-01","R012XY004ID",1
"19061714182098362019-09-01","R012XY046ID",1
"19061715171175232019-09-01","R012XY004ID",1
"19061808461113042019-09-01","R012XY046ID",1
"19061808544611112019-09-01","R012XY004ID",1
"19061809494147142019-09-01","R012XY004ID",1
"19061809504015692019-09-01","R012XY004ID",1
"19061810184535882019-09-01","R012XY046ID",1
"19061810415175022019-09-01","R012XY004ID",1
"19061810432791232019-09-01","R012XY004ID",1
"19061909315282202019-09-01","R012XY012ID",1
"19061912024319262019-09-01","R012XY012ID",1
"19061914344333922019-09-01","R012XY004ID",1
"19062010102073552019-09-01","R012XY004ID",1
"19062013315776282019-09-01","R012XY004ID",1
"19062109360182672019-09-01","R012XY002ID",1
"19062412175716802019-09-01","R012XY004ID",1
"19062510370921362019-09-01","R012XY046ID",1
"19062512060010292019-09-01","R012XY004ID",1
"19062515095844642019-09-01","R012XY046ID",1
"19062515495359552019-09-01","R012XY004ID",1
"19062516113492362019-09-01","R012XY004ID",1
"1906251618055722019-09-01","R012XY004ID",1
"19062608031513902019-09-01","R012XY004ID",1
"19062608394357322019-09-01","R012XY004ID",1
"19062609061535122019-09-01","R012XY004ID",1
"190626132009302019-09-01","R012XY046ID",1
"19062613295114532019-09-01","R012XY004ID",1
"19062613350761542019-09-01","R012XY046ID",1
"19062613461937712019-09-01","R012XY046ID",1
"19062613475949892019-09-01","R012XY004ID",1
"19062616225970412019-09-01","R012XY046ID",1
"1906261629397342019-09-01","R012XY004ID",1
"19062619054594272019-09-01","R012XY004ID",1
"19062708184947682019-09-01","R012XY004ID",1
"19062708220016382019-09-01","R012XY004ID",1
"19062708280988022019-09-01","R012XY004ID",1
"19062708410490462019-09-01","R012XY004ID",1
"19062710002192782019-09-01","R012XY004ID",1
"19062710253512922019-09-01","R012XY046ID",1
"19062710382145582019-09-01","R012XY046ID",1
"19062710572470402019-09-01","R012XY004ID",1
"19062711103558172019-09-01","R012XY004ID",1
"1906271146158262019-09-01","R012XY004ID",1
"19062714151547562019-09-01","R012XY046ID",1
"1906271527346762019-09-01","R012XY004ID",1
"19062715510580702019-09-01","R012XY046ID",1
"19062717530963622019-09-01","R012XY012ID",1
"19062808525697602019-09-01","R012XY046ID",1
"19062809080450192019-09-01","R012XY004ID",1
"19062809322174362019-09-01","R012XY004ID",1
"19062810045024282019-09-01","R012XY004ID",1
"19062811011679832019-09-01","R012XY046ID",1
"19062813455911212019-09-01","R012XY046ID",1
"19062814183087192019-09-01","R012XY004ID",1
"19062907541767532019-09-01","R012XY046ID",1
"19062908205324492019-09-01","R012XY004ID",1
"19062909421292472019-09-01","R012XY007ID",0.714285714285714
"19062910152772882019-09-01","R012XY004ID",1
"19062910295153062019-09-01","R012XY004ID",1
"19062911131754642019-09-01","R012XY004ID",1
"19062911584246092019-09-01","R012XY004ID",1
"19062912365632922019-09-01","R012XY004ID",1
"1906291246219412019-09-01","R012XY024ID",0.5
"19062913155021762019-09-01","R012XY046ID",1
"19062915094216142019-09-01","R012XY004ID",1
"19063008192176342019-09-01","R012XY004ID",1
"19063009153695352019-09-01","R012XY021ID",1
"19063009232440892019-09-01","R012XY046ID",1
"19063009464146612019-09-01","R012XY004ID",1
"19063010021350152019-09-01","R012XY046ID",1
"19063010393888232019-09-01","R012XY004ID",1
"19063011122615412019-09-01","R012XY004ID",1
"19063011495584082019-09-01","R012XY004ID",1
"19063012523295532019-09-01","R012XY046ID",1
"19063013382015912019-09-01","R012XY046ID",1
"19063014290556812019-09-01","R012XY004ID",1
"19063014462383522019-09-01","R012XY046ID",1
"1906301514289522019-09-01","R012XY004ID",1
"19070108462132302019-09-01","R012XY004ID",1
"19070109181843922019-09-01","R012XY012ID",1
"19070109354579312019-09-01","R012XY024ID",0.5
"19070110275245462019-09-01","R012XY046ID",1
"19070110395983602019-09-01","R012XY007ID",0.571428571428571
"1907011105121782019-09-01","R012XY004ID",1
"19070111055259782019-09-01","R012XY004ID",1
"19070113014162852019-09-01","R012XY029ID",0.5
"19070114162987752019-09-01","R012XY046ID",1
"19070114200141072019-09-01","R012XY004ID",1
"19070114353470442019-09-01","R012XY046ID",1
"19070207362653142019-09-01","R012XY004ID",1
"19070208032867242019-09-01","R012XY004ID",1
"19070208514082922019-09-01","R012XY012ID",1
"19070210072571922019-09-01","R012XY046ID",1
"19070210081087242019-09-01","R012XY012ID",1
"1907091458257992019-09-01","R012XY004ID",1
"19070917155694532019-09-01","R012XY004ID",1
"19071008100974392019-09-01","R012XY004ID",1
"19071010114612152019-09-01","R012XY004ID",1
"1907101033589582019-09-01","R012XY004ID",1
"19071010342767382019-09-01","R012XY004ID",1
"1907101301587742019-09-01","R012XY004ID",1
"19071014285445532019-09-01","R012XY004ID",1
"19071014451912132019-09-01","R012XY004ID",1
"1907101517499972019-09-01","R012XY004ID",1
"19071110285038412019-09-01","R012XY007ID",0.714285714285714
"1907111046265822019-09-01","R012XY004ID",1
"19071110473076342019-09-01","R012XY004ID",1
"19071110543463462019-09-01","R012XY004ID",1
"19071111001857942019-09-01","R012XY004ID",1
"19071111525855882019-09-01","R012XY004ID",1
"19071114160111372019-09-01","R012XY007ID",0.571428571428571
"1907111429068762019-09-01","R012XY004ID",1
"19071208432937072019-09-01","R012XY046ID",1
"19071209050666592019-09-01","R012XY046ID",1
"1907120912409962019-09-01","R012XY004ID",1
"19071210293747002019-09-01","R012XY004ID",1
"19071211421746542019-09-01","R012XY004ID",1
"19071212352623012019-09-01","R012XY046ID",1
"19071212493049852019-09-01","R012XY004ID",1
"19071215045929342019-09-01","R012XY046ID",1
"19071309420535812019-09-01","R012XY004ID",1
"1907130952444972019-09-01","R012XY046ID",1
"19071310503469142019-09-01","R012XY046ID",1
"19071311004857122019-09-01","R012XY004ID",1
"19071311060028162019-09-01","R012XY046ID",1
"19071311353856232019-09-01","R012XY004ID",1
"1907131230134322019-09-01","R012XY004ID",1
"19071314283951132019-09-01","R012XY046ID",1
"19071315010254872019-09-01","R012XY046ID",1
"19071409234740992019-09-01","R012XY004ID",1
"19071410181849082019-09-01","R012XY004ID",1
"19071410512369442019-09-01","R012XY046ID",1
"19071411015752082019-09-01","R012XY004ID",1
"19071411205762552019-09-01","R012XY004ID",1
"19071413312624592019-09-01","R012XY004ID",1
"19071416084997432019-09-01","R012XY007ID",0.714285714285714
"19071510000982532019-09-01","R012XY007ID",0.714285714285714
"19071510004322872019-09-01","R012XY004ID",1
"19071510273710522019-09-01","R012XY004ID",1
"19071512305831282019-09-01","R012XY017ID",1
"19071513111427522019-09-01","R012XY004ID",1
"190715131334452019-09-01","R012XY009ID",0.857142857142857
"19071514180631472019-09-01","R012XY007ID",0.714285714285714
"19071514240480792019-09-01","R012XY007ID",0.857142857142857
"19071515435549022019-09-01","R012XY046ID",1
"1907160851212172019-09-01","R012XY004ID",1
"19071609433978682019-09-01","R012XY007ID",0.571428571428571
"19071610261430602019-09-01","R012XY004ID",1
"19071613180573382019-09-01","R012XY004ID",1
"19071712235030992019-09-01","R012XY046ID",1
"19071717435347652019-09-01","R012XY046ID",1
"19071809393573572019-09-01","R012XY007ID",0.571428571428571
"19072310242124922019-09-01","R012XY009ID",0.714285714285714
"19072311560831202019-09-01","R012XY046ID",1
"19072314034453972019-09-01","R012XY004ID",1
"19072314173913632019-09-01","R012XY007ID",0.714285714285714
"19072315242215722019-09-01","R012XY046ID",1
"19072316532173912019-09-01","R012XY004ID",1
"19072410133970642019-09-01","R012XY002ID",0.571428571428571
"19072411023876272019-09-01","R012XY004ID",1
"19072413201984882019-09-01","R012XY046ID",1
"1907241440164052019-09-01","R012XY046ID",1
"19072414593429642019-09-01","R012XY046ID",1
"19072508442725652019-09-01","R012XY004ID",1
"19072509532626452019-09-01","R012XY046ID",1
"19072510163281352019-09-01","R012XY004ID",1
"1907251041348562019-09-01","R012XY004ID",1
"19072511530399812019-09-01","R012XY046ID",1
"19072512120036342019-09-01","R012XY004ID",1
"19072512144236802019-09-01","R012XY004ID",1
"19072515023182282019-09-01","R012XY004ID",1
"19072515073974572019-09-01","R012XY046ID",1
"19072515294681672019-09-01","R012XY004ID",1
"19072515323634682019-09-01","R012XY004ID",1
"19072515592762042019-09-01","R012XY004ID",1
"19072608310066392019-09-01","R012XY004ID",1
"19072609474068932019-09-01","R012XY004ID",1
"19072610180359932019-09-01","R012XY004ID",1
"19072610190177262019-09-01","R012XY004ID",1
"19072610394682702019-09-01","R012XY046ID",1
"19072611315175502019-09-01","R012XY004ID",1
"19072611512726772019-09-01","R012XY004ID",1
"19072614360035632019-09-01","R012XY004ID",1
"19072614570724262019-09-01","R012XY046ID",1
"19072615315632262019-09-01","R012XY004ID",1
"19072708375085572019-09-01","R012XY004ID",1
"19072709221792222019-09-01","R012XY004ID",1
"19072709235690792019-09-01","R012XY004ID",1
"1907270948455792019-09-01","R012XY004ID",1
"19072710365333882019-09-01","R012XY004ID",1
"19072710565191442019-09-01","R012XY004ID",1
"19072711024420782019-09-01","R012XY004ID",1
"19072711333498982019-09-01","R012XY004ID",1
"1907271439323152019-09-01","R012XY004ID",1
"19072714574569102019-09-01","R012XY004ID",1
"19072716465255682019-09-01","R012XY046ID",1
"19072809130841562019-09-01","R012XY004ID",1
"19072810514375712019-09-01","R012XY004ID",1
"19072811365883832019-09-01","R012XY012ID",1
"19072811440080452019-09-01","R012XY012ID",1
"19072811473247772019-09-01","R012XY004ID",1
"190728115850792019-09-01","R012XY004ID",1
"19072812051742692019-09-01","R012XY004ID",1
"19072814203072962019-09-01","R012XY004ID",1
"19072908514597572019-09-01","R012XY012ID",1
"19072909155179292019-09-01","R012XY002ID",0.428571428571429
"19072910364943352019-09-01","R012XY004ID",1
"19072910394995562019-09-01","R012XY004ID",1
"19072912200536522019-09-01","R012XY004ID",1
"19072912523823542019-09-01","R012XY009ID",0.571428571428571
"19072913132752512019-09-01","R012XY004ID",1
"19072914001761542019-09-01","R012XY046ID",1
"19072915222386232019-09-01","R012XY004ID",1
"19073008451453822019-09-01","R012XY046ID",1
"19073010152064972019-09-01","R012XY004ID",1
"19073010400642992019-09-01","R012XY004ID",1
"19073011504660822019-09-01","R012XY004ID",1
"19080614344464522019-09-01","R012XY046ID",1
"19080715394039842019-09-01","R012XY004ID",1
"19080716053913872019-09-01","R012XY046ID",1
"1908080931011772019-09-01","R012XY004ID",1
"19080809510561282019-09-01","R012XY004ID",1
"19080810105614132019-09-01","R012XY004ID",1
"19080810350858132019-09-01","R012XY004ID",1
"19080811210440172019-09-01","R012XY006ID",0.428571428571429
"19080818453049512019-09-01","R012XY004ID",1
"19080908530983462019-09-01","R012XY004ID",1
"19080909433548832019-09-01","R012XY004ID",1
"19080911161178372019-09-01","R012XY024ID",0.5
"19080912370426812019-09-01","R012XY004ID",1
"19080912370925042019-09-01","R012XY046ID",1
"1908091403231952019-09-01","R012XY004ID",1
"19081009082649402019-09-01","R012XY004ID",1
"19081010234116642019-09-01","R012XY004ID",1
"19081010520720632019-09-01","R012XY004ID",1
"19081011475573972019-09-01","R012XY004ID",1
"19081013434849042019-09-01","R012XY007ID",0.714285714285714
"19081014194949532019-09-01","R012XY004ID",1
"19081108494571542019-09-01","R012XY004ID",1
"19081110185454522019-09-01","R012XY004ID",1
"19081111292447552019-09-01","R012XY004ID",1
"19081112041684252019-09-01","R012XY046ID",1
"19081115571324232019-09-01","R012XY004ID",1
"19081209175384082019-09-01","R012XY004ID",1
"19081209545637932019-09-01","R012XY004ID",1
"19081210143897552019-09-01","R012XY004ID",1
"19081307535927602019-09-01","R012XY004ID",1
"19081308372226272019-09-01","R012XY004ID",1
"19081309051166962019-09-01","R012XY004ID",1
"19081310143069642019-09-01","R012XY004ID",1
"19081311482825332019-09-01","R012XY012ID",1
"19081313224873832019-09-01","R012XY004ID",1
"19081409165735212019-09-01","R012XY046ID",1
"19082210085783062019-09-01","R012XY004ID",1
"19082214253377582019-09-01","R012XY004ID",1
"19082310455025162019-09-01","R012XY012ID",1
"19082310564366952019-09-01","R012XY001ID",0.571428571428571
"19082410123038652019-09-01","R012XY004ID",1
"19082411175376252019-09-01","R012XY021ID",1
"19082510100120392019-09-01","R012XY004ID",1
"19082510154548712019-09-01","R012XY004ID",1
"1908260939226002019-09-01","R012XY004ID",1
"19082609561020002019-09-01","R012XY012ID",1
"19082709430249842019-09-01","R012XY012ID",1
"19090409372867392019-09-01","R012XY004ID",1
"19090410345430782019-09-01","R012XY004ID",1
"19090412201633722019-09-01","R012XY004ID",1
"19090415001952322019-09-01","R012XY024ID",0.5
"19090416265014842019-09-01","R012XY004ID",1
"19090512185567332019-09-01","R012XY004ID",1
"19090512521082082019-09-01","R012XY046ID",1
"19090514044836832019-09-01","R012XY007ID",0.571428571428571
"19090609224136052019-09-01","R012XY007ID",0.571428571428571
"19090610390762202019-09-01","R012XY046ID",1
"1909061441358042019-09-01","R012XY046ID",1
"19090709001216762019-09-01","R012XY004ID",1
"19090710021256132019-09-01","R012XY004ID",1
"19090710403998792019-09-01","R012XY046ID",1
"19090712441758402019-09-01","R012XY004ID",1
"19090715400470792019-09-01","R012XY046ID",1
"19090810174391862019-09-01","R012XY004ID",1
"19090810262897952019-09-01","R012XY004ID",1
"19090814593895722019-09-01","R012XY004ID",1
"19090815220357872019-09-01","R012XY004ID",1
"1909090903517902019-09-01","R012XY004ID",1
"19090909382131832019-09-01","R012XY004ID",1
"19090912373678792019-09-01","R012XY004ID",1
"19091007070429562019-09-01","R012XY004ID",1
"1909101043162232019-09-01","R012XY004ID",1
"19091011442779432019-09-01","R012XY004ID",1
"19091015201447492019-09-01","R012XY004ID",1
"1909101554141972019-09-01","R012XY004ID",1
"19091109381867892019-09-01","R012XY004ID",1
"19091109555072352019-09-01","R012XY007ID",0.428571428571429
"19091110112670702019-09-01","R012XY004ID",1
"19091110251851622019-09-01","R012XY004ID",1
"19091110384749622019-09-01","R012XY046ID",1
"19091110523280462019-09-01","R012XY007ID",0.714285714285714
"19091111193264532019-09-01","R012XY002ID",0.714285714285714
"19091111282323452019-09-01","R012XY046ID",1
"1909111138215262019-09-01","R012XY046ID",1
"19091111481367532019-09-01","R012XY004ID",1
"19091111594339782019-09-01","R012XY004ID",1
"19091115341783932019-09-01","R012XY004ID",1
"19091115472974102019-09-01","R012XY004ID",1
"19091208541017592019-09-01","R012XY004ID",1
"19091212545762672019-09-01","R012XY004ID",1
"19091212552098802019-09-01","R012XY004ID",1
"19091212553850082019-09-01","R012XY004ID",1
"1909121257525812019-09-01","R012XY046ID",1
"19091520213334112019-09-01","R012XY004ID",1
"19091611055888472019-09-01","R012XY004ID",1
"19092012075971512019-09-01","R012XY009ID",0.714285714285714
"19092012414242252019-09-01","R012XY004ID",1
"19092014462289502019-09-01","R012XY004ID",1
"19092015175345042019-09-01","R012XY004ID",1
"19092015485226772019-09-01","R012XY004ID",1
"19092710585673692019-09-01","R012XY004ID",1
"19092809325561732019-09-01","R012XY004ID",1
"19092822071976082019-09-01","R012XY004ID",1
"20052612194249792020-09-01","R012XY012ID",1
"20052709543355322020-09-01","R012XY012ID",1
"20052712573323662020-09-01","R012XY012ID",1
"20052810061525412020-09-01","R012XY021ID",1
"200528135121462020-09-01","R012XY012ID",1
"20053008270180572020-09-01","R012XY019ID",0.714285714285714
"20053013564487882020-09-01","R012XY046ID",1
"20053109020183912020-09-01","R012XY046ID",1
"20053112392242932020-09-01","R012XY046ID",1
"20053118341680982020-09-01","R012XY004ID",1
"20060111044610982020-09-01","R012XY004ID",1
"20060116512725012020-09-01","R012XY004ID",1
"20060209313158072020-09-01","R012XY046ID",1
"20060215153975442020-09-01","R012XY046ID",1
"20060312475128932020-09-01","R012XY012ID",1
"20060315335722042020-09-01","R012XY004ID",1
"20060910195825222020-09-01","R012XY012ID",1
"20060912525656292020-09-01","R012XY012ID",1
"20060916285881362020-09-01","R012XY046ID",1
"20061009182843872020-09-01","R012XY046ID",1
"20061010023356362020-09-01","R012XY021ID",1
"200610112407302020-09-01","R012XY046ID",1
"20061014235669002020-09-01","R012XY004ID",1
"20061017105122862020-09-01","R012XY046ID",1
"2006110825238072020-09-01","R012XY046ID",1
"20061112150198932020-09-01","R012XY046ID",1
"2006111610147932020-09-01","R012XY046ID",1
"20061210373439702020-09-01","R012XY046ID",1
"2006121409569002020-09-01","R012XY004ID",1
"20061309091818462020-09-01","R012XY046ID",1
"20061315063238352020-09-01","R012XY004ID",1
"20061410092626532020-09-01","R012XY046ID",1
"20061413421221512020-09-01","R012XY046ID",1
"20061417155137162020-09-01","R012XY046ID",1
"20061508513814802020-09-01","R012XY046ID",1
"20062314293757472020-09-01","R012XY004ID",1
"20062412211318712020-09-01","R012XY004ID",1
"20062418232353432020-09-01","R012XY004ID",1
"20062509261983482020-09-01","R012XY046ID",1
"20062512594181812020-09-01","R012XY046ID",1
"20062609061199112020-09-01","R012XY004ID",1
"20062613064848812020-09-01","R012XY004ID",1
"2006271103503312020-09-01","R012XY004ID",1
"2006271510353682020-09-01","R012XY004ID",1
"20062718224271502020-09-01","R012XY004ID",1
"20062810325988562020-09-01","R012XY004ID",1
"20062814331050192020-09-01","R012XY004ID",1
"2006291157165742020-09-01","R012XY004ID",1
"20070715354822702020-09-01","R012XY004ID",1
"2007080921167832020-09-01","R012XY004ID",1
"20070815114468182020-09-01","R012XY004ID",1
"20070909082077422020-09-01","R012XY004ID",1
"20070914184589212020-09-01","R012XY046ID",1
"20070917483214382020-09-01","R012XY046ID",1
"20071010451176512020-09-01","R012XY004ID",1
"20071108323448432020-09-01","R012XY004ID",1
"20071112202415642020-09-01","R012XY046ID",1
"20071115360165722020-09-01","R012XY004ID",1
"20071211024245282020-09-01","R012XY004ID",1
"20071309401852392020-09-01","R012XY004ID",1
"2007131642049622020-09-01","R012XY046ID",1
"20111112445212682020-09-01","R012XY004ID",1
"ID_BruneauFOLUP2016_BasinCM-260_V12020-09-01","R012XY019ID",0.833333333333333
"ID_BruneauFOLUP2016_BasinCM-262_V12020-09-01","R012XY024ID",1
"ID_BruneauFOLUP2016_BasinCM-264_V12020-09-01","R012XY007ID",1
"ID_BruneauFOLUP2016_BasinCM-265_V12020-09-01","R012XY009ID",0.833333333333333
"ID_BruneauFOLUP2016_BasinCM-266_V12020-09-01","R012XY024ID",1
"ID_BruneauFOLUP2016_BigCM-221_V12020-09-01","R012XY007ID",0.833333333333333
"ID_BruneauFOLUP2016_BigCM-222_V12020-09-01","R012XY024ID",1
"ID_BruneauFOLUP2016_BigCM-223_V12020-09-01","R012XY019ID",0.833333333333333
"ID_BruneauFOLUP2016_BigCM-224_V12020-09-01","R012XY019ID",0.833333333333333
"ID_BruneauFOLUP2016_BigCM-225_V12020-09-01","R012XY007ID",0.666666666666667
"ID_BruneauFOLUP2016_BigCM-226_V12020-09-01","R012XY007ID",0.833333333333333
"ID_BruneauFOLUP2016_BigCM-227_V12020-09-01","R012XY019ID",0.833333333333333
"ID_BruneauFOLUP2016_BigCM-228_V12020-09-01","R012XY007ID",0.666666666666667
"ID_BruneauFOLUP2016_BigWD-172_V12020-09-01","R012XY003ID",0.5
"ID_BruneauFOLUP2016_LowCM-043_V12020-09-01","R012XY024ID",1
"ID_BruneauFOLUP2016_LowCM-044_V12020-09-01","R012XY029ID",0.666666666666667
"ID_BruneauFOLUP2016_LowCM-046_V12020-09-01","R012XY010ID",0.833333333333333
"ID_BruneauFOLUP2016_LowCM-047_V12020-09-01","R012XY003ID",0.5
"ID_BruneauFOLUP2016_LowCM-048_V12020-09-01","R012XY024ID",1
"ID_BruneauFOLUP2016_LowCM-049_V12020-09-01","R012XY024ID",1
"ID_BruneauFOLUP2016_LowCM-050_V12020-09-01","R012XY024ID",1
"ID_BruneauFOLUP2016_LowCM-051_V12020-09-01","R012XY024ID",1
"ID_BruneauFOLUP2016_LowCM-052_V12020-09-01","R012XY007ID",0.5
"ID_BruneauFOLUP2016_LowCM-053_V12020-09-01","R012XY007ID",0.833333333333333
"ID_BruneauFOLUP2016_LowCM-056_V12020-09-01","R012XY007ID",0.833333333333333
"ID_BruneauFOLUP2016_LowCM-057_V12020-09-01","R012XY007ID",0.5
"ID_BruneauFOLUP2016_LowCM-058_V12020-09-01","R012XY002ID",0.666666666666667
"ID_BruneauFOLUP2016_LowWD-382_V12020-09-01","R012XY003ID",0.5
"ID_BruneauFOLUP2016_LowWD-384_V12020-09-01","R012XY024ID",1
"ID_BruneauFOLUP2016_UA-302_V12020-09-01","R012XY024ID",1
"ID_BruneauFOLUP2016_UA-314_V12020-09-01","R012XY003ID",0.5
"ID_BruneauFOLUP2016_UA-318_V12020-09-01","R012XY009ID",0.833333333333333
"ID_BruneauFOMHAFTindall-SheepCreek2020_TindallSheep-01_V12020-09-01","R012XY007ID",0.833333333333333
"ID_BruneauFOMHAFTindall-SheepCreek2020_TindallSheep-02_V12020-09-01","R012XY007ID",0.666666666666667
"ID_BruneauFOMHAFTindall-SheepCreek2020_TindallSheep-03_V12020-09-01","R012XY019ID",0.833333333333333
"ID_BruneauFOMHAFTindall-SheepCreek2020_TindallSheep-04_V12020-09-01","R012XY024ID",1
"ID_BruneauFOMHAFTindall-SheepCreek2020_TindallSheep-05_V12020-09-01","R012XY029ID",0.666666666666667
"ID_BruneauFOMHAFTindall-SheepCreek2020_TindallSheep-06_V12020-09-01","R012XY029ID",0.666666666666667
"ID_BruneauFOMHAFTindall-SheepCreek2020_TindallSheep-07_V12020-09-01","R012XY029ID",0.666666666666667
"ID_BruneauFOMHAFTindall-SheepCreek2020_TindallSheep-08_V12020-09-01","R012XY029ID",1
"ID_BruneauFOMHAFTindall-SheepCreek2020_TindallSheep-10_V12020-09-01","R012XY029ID",1
"ID_BruneauFOMHAFTindall-SheepCreek2020_TindallSheep-11_V12020-09-01","R012XY029ID",0.666666666666667
"ID_BruneauFOMHAFTindall-SheepCreek2020_TindallSheep-12_V12020-09-01","R012XY024ID",1
"ID_BruneauFOMHAFTindall-SheepCreek2020_TindallSheep-13_V12020-09-01","R012XY024ID",1
"ID_BruneauFOMHAFTindall-SheepCreek2020_TindallSheep-14_V12020-09-01","R012XY019ID",0.833333333333333
"ID_BruneauFOMHAFTindall-SheepCreek2020_TindallSheep-15_V12020-09-01","R012XY029ID",1
"ID_BruneauFOMHAFTindall-SheepCreek2020_TindallSheep-16_V12020-09-01","R012XY024ID",1
"ID_BruneauFOMHAFTindall-SheepCreek2020_TindallSheep-17_V12020-09-01","R012XY024ID",1
"ID_BruneauFOMHAFTindall-SheepCreek2020_TindallSheep-18_V12020-09-01","R012XY007ID",0.666666666666667
"ID_BruneauFOMHAFTindall-SheepCreek2020_TindallSheep-19_V12020-09-01","R012XY029ID",1
"ID_BruneauFOMHAFTindall-SheepCreek2020_TindallSheep-22_V12020-09-01","R012XY019ID",0.666666666666667
"ID_BruneauFOMHAFTindall-SheepCreek2020_TindallSheep-23_V12020-09-01","R012XY024ID",1
"ID_BruneauFOMHAFTindall-SheepCreek2020_TindallSheep-24_V12020-09-01","R012XY007ID",1
"ID_BruneauFOMHAFTindall-SheepCreek2020_TindallSheep-25_V12020-09-01","R012XY024ID",1
"ID_BruneauFOMHAFTindall-SheepCreek2020_TindallSheep-26_V12020-09-01","R012XY007ID",0.833333333333333
"ID_BruneauFOMHAFTindall-SheepCreek2020_TindallSheep-28_V12020-09-01","R012XY024ID",1
"ID_BruneauFOMHAFTindall-SheepCreek2020_TindallSheep-29_V12020-09-01","R012XY019ID",0.833333333333333
"ID_BruneauFOMHAFTindall-SheepCreek2020_TindallSheep-30_V12020-09-01","R012XY029ID",0.666666666666667
"ID_BruneauFOMHAFTindall-SheepCreek2020_TindallSheep-52_V12020-09-01","R012XY019ID",0.666666666666667
"ID_BruneauFOMHAFTindall-SheepCreek2020_TindallSheep-53_V12020-09-01","R012XY009ID",1
"ID_BruneauFOMHAFTindall-SheepCreek2020_TindallSheep-55_V12020-09-01","R012XY019ID",0.833333333333333
"ID_BruneauFOMHAFTindall-SheepCreek2020_TindallSheep-56_V12020-09-01","R012XY029ID",1
"ID_BruneauFOMHAFTindall-SheepCreek2020_TindallSheep-61_V12020-09-01","R012XY024ID",1
"ID_BruneauFOMHAFTindall-SheepCreek2020_TindallSheep-65_V12020-09-01","R012XY024ID",1
"ID_BurleyFOOBGADeepCreek2020_0400201-35_V12020-09-01","R012XY007ID",1
"ID_BurleyFOOBGADeepCreek2020_0400202-50_V12020-09-01","R012XY024ID",1
"ID_BurleyFOOBGADeepCreek2020_0400202-51_V12020-09-01","R012XY007ID",1
"ID_BurleyFOOBGADeepCreek2020_0400301B-28_V12020-09-01","R012XY007ID",1
"ID_BurleyFOOBGADeepCreek2020_0400301B-29_V12020-09-01","R012XY024ID",1
"ID_BurleyFOOBGADeepCreek2020_0400301W-07_V12020-09-01","R012XY007ID",1
"ID_BurleyFOOBGADeepCreek2020_0400302B-19_V12020-09-01","R012XY007ID",1
"ID_BurleyFOOBGADeepCreek2020_0400302W-44_V12020-09-01","R012XY007ID",0.833333333333333
"ID_BurleyFOOBGADeepCreek2020_0400303B-16_V12020-09-01","R012XY007ID",1
"ID_BurleyFOOBGADeepCreek2020_0400303W-32_V12020-09-01","R012XY007ID",0.666666666666667
"ID_BurleyFOOBGADeepCreek2020_0400304-04_V12020-09-01","R012XY024ID",1
"ID_BurleyFOOBGADeepCreek2020_0400305-54_V12020-09-01","R012XY029ID",1
"ID_BurleyFOOBGADeepCreek2020_0400306-22_V12020-09-01","R012XY007ID",0.833333333333333
"ID_BurleyFOOBGADeepCreek2020_0400307-10_V12020-09-01","R012XY007ID",1
"ID_BurleyFOOBGADeepCreek2020_0400308-47_V12020-09-01","R012XY029ID",0.666666666666667
"ID_BurleyFOOBGADeepCreek2020_0400309-38_V12020-09-01","R012XY019ID",0.666666666666667
"ID_BurleyFOOBGADeepCreek2020_0401101-25_V12020-09-01","R012XY007ID",1
"ID_BurleyFOOBGADeepCreek2020_0401102-01_V12020-09-01","R012XY007ID",1
"ID_BurleyFOOBGADeepCreek2020_0401103-41_V12020-09-01","R012XY007ID",1
"ID_BurleyFOOBGADeepCreek2020_0401104-13_V12020-09-01","R012XY007ID",1
"ID_ChallisFOLUP2017_Big_CM-251_V12020-09-01","R012XY024ID",1
"ID_ChallisFOLUP2017_Big_CM-252_V12020-09-01","R012XY009ID",0.833333333333333
"ID_ChallisFOLUP2017_Big_CM-253_V12020-09-01","R012XY029ID",0.666666666666667
"ID_ChallisFOLUP2017_Big_CM-255_V12020-09-01","R012XY024ID",1
"ID_ChallisFOLUP2017_Big_CM-256_V12020-09-01","R012XY024ID",1
"ID_ChallisFOLUP2017_Big_CM-257_V12020-09-01","R012XY002ID",1
"ID_ChallisFOLUP2017_Big_CM-258_V12020-09-01","R012XY024ID",1
"ID_ChallisFOLUP2017_Big_CM-259_V12020-09-01","R012XY024ID",1
"ID_ChallisFOLUP2017_Big_CM-260_V12020-09-01","R012XY024ID",1
"ID_ChallisFOLUP2017_Big_CM-261_V12020-09-01","R012XY024ID",1
"ID_ChallisFOLUP2017_Big_CM-262_V12020-09-01","R012XY024ID",1
"ID_ChallisFOLUP2017_Big_CM-264_V12020-09-01","R012XY024ID",1
"ID_ChallisFOLUP2017_Big_CM-265_V12020-09-01","R012XY024ID",1
"ID_ChallisFOLUP2017_Big_WD-094_V12020-09-01","R012XY024ID",1
"ID_ChallisFOLUP2017_Big_WD-095_V12020-09-01","R012XY009ID",0.666666666666667
"ID_ChallisFOLUP2017_Big_WD-096_V12020-09-01","R012XY019ID",0.666666666666667
"ID_ChallisFOLUP2017_Big_WD-097_V12020-09-01","R012XY007ID",0.666666666666667
"ID_ChallisFOLUP2017_Big_WD-098_V12020-09-01","R012XY002ID",1
"ID_ChallisFOLUP2017_Big_WD-099_V12020-09-01","R012XY024ID",1
"ID_ChallisFOLUP2017_Big_WD-100_V12020-09-01","R012XY009ID",0.666666666666667
"ID_ChallisFOLUP2017_Big_WD-102_V12020-09-01","R012XY019ID",0.666666666666667
"ID_ChallisFOLUP2017_Big_WD-103_V12020-09-01","R012XY007ID",0.5
"ID_ChallisFOLUP2017_Big_WD-104_V12020-09-01","R012XY024ID",1
"ID_ChallisFOLUP2017_Big_WD-105_V12020-09-01","R012XY002ID",0.666666666666667
"ID_ChallisFOLUP2017_Big_WD-107_V12020-09-01","R012XY003ID",0.333333333333333
"ID_ChallisFOLUP2017_Big_WD-108_V12020-09-01","R012XY010ID",1
"ID_ChallisFOLUP2017_Big_WD-110_V12020-09-01","R012XY024ID",1
"ID_ChallisFOLUP2017_Big_WD-111_V12020-09-01","R012XY024ID",1
"ID_ChallisFOLUP2017_Big_WD-114_V12020-09-01","R012XY024ID",1
"ID_ChallisFOLUP2017_Big_WD-115_V12020-09-01","R012XY007ID",0.833333333333333
"ID_ChallisFOLUP2017_Big_WD-117_V12020-09-01","R012XY007ID",0.5
"ID_ChallisFOLUP2017_Big_WD-118_V12020-09-01","R012XY029ID",0.333333333333333
"ID_ChallisFOLUP2017_Big_WD-119_V12020-09-01","R012XY024ID",1
"ID_ChallisFOLUP2017_Big_WD-120_V12020-09-01","R012XY019ID",0.666666666666667
"ID_ChallisFOLUP2017_Big_WD-121_V12020-09-01","R012XY019ID",0.666666666666667
"ID_ChallisFOLUP2017_Big_WD-122_V12020-09-01","R012XY002ID",1
"ID_ChallisFOLUP2017_Big_WD-123_V12020-09-01","R012XY024ID",1
"ID_ChallisFOLUP2017_Big_WD-125_V12020-09-01","R012XY009ID",0.833333333333333
"ID_ChallisFOLUP2017_Low_WD-015_V12020-09-01","R012XY024ID",1
"ID_ChallisFOLUP2017_Low_WD-016_V12020-09-01","R012XY024ID",1
"ID_ChallisFOLUP2017_Low_WD-017_V12020-09-01","R012XY024ID",1
"ID_ChallisFOLUP2017_Low_WD-018_V12020-09-01","R012XY007ID",0.666666666666667
"ID_ChallisFOLUP2017_MHGN-312_V12020-09-01","R012XY024ID",1
"ID_ChallisFOLUP2017_MHGN-313_V12020-09-01","R012XY024ID",1
"ID_ChallisFOLUP2017_MHGN-316_V12020-09-01","R012XY009ID",0.666666666666667
"ID_ChallisFOLUP2017_MHGN-318_V12020-09-01","R012XY024ID",1
"ID_ChallisFOLUP2017_MHGN-320_V12020-09-01","R012XY029ID",1
"ID_ChallisFOLUP2017_MHGN-322_V12020-09-01","R012XY024ID",1
"ID_ChallisFOLUP2017_MHGN-325_V12020-09-01","R012XY024ID",1
"ID_ChallisFOLUP2017_OTH-367_V12020-09-01","R012XY009ID",0.833333333333333
"ID_JarbridgeFOLUP2017_ASP-006_V12020-09-01","R012XY024ID",1
"ID_JarbridgeFOLUP2017_ASP-008_V12020-09-01","R012XY019ID",0.833333333333333
"ID_JarbridgeFOLUP2017_ASP-009_V12020-09-01","R012XY024ID",1
"ID_JarbridgeFOLUP2017_BSCM-049_V12020-09-01","R012XY009ID",0.666666666666667
"ID_JarbridgeFOLUP2017_BSCM-050_V12020-09-01","R012XY029ID",0.666666666666667
"ID_JarbridgeFOLUP2017_BSCM-051_V12020-09-01","R012XY024ID",1
"ID_JarbridgeFOLUP2017_BSWD-167_V12020-09-01","R012XY024ID",1
"ID_JarbridgeFOLUP2017_BSWD-169_V12020-09-01","R012XY024ID",1
"ID_JarbridgeFOLUP2017_BSWD-171_V12020-09-01","R012XY019ID",0.833333333333333
"ID_JarbridgeFOLUP2017_BSWD-176_V12020-09-01","R012XY007ID",1
"ID_JarbridgeFOLUP2017_BSWD-178_V12020-09-01","R012XY007ID",0.833333333333333
"ID_JarbridgeFOLUP2017_BSWD-181_V12020-09-01","R012XY007ID",0.666666666666667
"ID_JarbridgeFOLUP2017_BSWD-182_V12020-09-01","R012XY007ID",1
"ID_JarbridgeFOLUP2017_BSWD-183_V12020-09-01","R012XY007ID",0.666666666666667
"ID_JarbridgeFOLUP2017_BSWD-185_V12020-09-01","R012XY019ID",1
"ID_JarbridgeFOLUP2017_BSWD-187_V12020-09-01","R012XY007ID",0.833333333333333
"ID_JarbridgeFOLUP2017_BSWM-254_V12020-09-01","R012XY007ID",1
"ID_JarbridgeFOLUP2017_BSWM-256_V12020-09-01","R012XY007ID",0.833333333333333
"ID_JarbridgeFOLUP2017_BSWM-257_V12020-09-01","R012XY024ID",1
"ID_JarbridgeFOLUP2017_BSWM-259_V12020-09-01","R012XY024ID",1
"ID_JarbridgeFOLUP2017_BSWM-260_V12020-09-01","R012XY007ID",1
"ID_JarbridgeFOLUP2017_BSWM-261_V12020-09-01","R012XY029ID",0.666666666666667
"ID_JarbridgeFOLUP2017_BSWM-262_V12020-09-01","R012XY007ID",1
"ID_JarbridgeFOLUP2017_BSWM-263_V12020-09-01","R012XY019ID",0.833333333333333
"ID_JarbridgeFOLUP2017_BSWM-264_V12020-09-01","R012XY007ID",1
"ID_JarbridgeFOLUP2017_BSWM-265_V12020-09-01","R012XY007ID",0.833333333333333
"ID_JarbridgeFOLUP2017_BSWM-266_V12020-09-01","R012XY007ID",0.5
"ID_JarbridgeFOLUP2017_BSWM-267_V12020-09-01","R012XY002ID",0.666666666666667
"ID_JarbridgeFOLUP2017_LSCM-305_V12020-09-01","R012XY029ID",0.666666666666667
"ID_JarbridgeFOLUP2017_LSCM-306_V12020-09-01","R012XY007ID",0.666666666666667
"ID_JarbridgeFOLUP2017_LSCM-307_V12020-09-01","R012XY009ID",0.5
"ID_JarbridgeFOLUP2017_LSCM-308_V12020-09-01","R012XY007ID",0.666666666666667
"ID_JarbridgeFOLUP2017_LSWD-352_V12020-09-01","R012XY009ID",1
"ID_JarbridgeFOLUP2017_OTH-400_V12020-09-01","R012XY009ID",0.666666666666667
"ID_JarbridgeFOLUP2017_OTH-402_V12020-09-01","R012XY002ID",0.5
"ID_OwyheeFOLUP2016_BasinCM-013_V12020-09-01","R012XY007ID",0.833333333333333
"ID_OwyheeFOLUP2016_BasinCM-015_V12020-09-01","R012XY003ID",0.5
"ID_OwyheeFOLUP2016_BigCM-073_V12020-09-01","R012XY002ID",0.666666666666667
"ID_OwyheeFOLUP2016_BigCM-076_V12020-09-01","R012XY007ID",0.833333333333333
"ID_OwyheeFOLUP2016_BigCM-077_V12020-09-01","R012XY024ID",1
"ID_OwyheeFOLUP2016_BigCM-078_V12020-09-01","R012XY002ID",0.666666666666667
"ID_OwyheeFOLUP2016_BigCM-079_V12020-09-01","R012XY007ID",0.666666666666667
"ID_OwyheeFOLUP2016_BigCM-081_V12020-09-01","R012XY019ID",0.666666666666667
"ID_OwyheeFOLUP2016_BigCM-082_V12020-09-01","R012XY009ID",0.833333333333333
"ID_OwyheeFOLUP2016_BigWD-140_V12020-09-01","R012XY007ID",0.833333333333333
"ID_OwyheeFOLUP2016_BigWD-141_V12020-09-01","R012XY003ID",0.5
"ID_OwyheeFOLUP2016_Forest-186_V12020-09-01","R012XY019ID",0.833333333333333
"ID_OwyheeFOLUP2016_Forest-188_V12020-09-01","R012XY009ID",0.666666666666667
"ID_OwyheeFOLUP2016_Forest-189_V12020-09-01","R012XY003ID",0.5
"ID_OwyheeFOLUP2016_LowCM-237_V12020-09-01","R012XY029ID",0.666666666666667
"ID_OwyheeFOLUP2016_LowCM-238_V12020-09-01","R012XY003ID",0.5
"ID_OwyheeFOLUP2016_LowCM-240_V12020-09-01","R012XY024ID",1
"ID_OwyheeFOLUP2016_LowCM-241_V12020-09-01","R012XY009ID",0.833333333333333
"ID_OwyheeFOLUP2016_LowCM-242_V12020-09-01","R012XY003ID",0.333333333333333
"ID_OwyheeFOLUP2016_LowCM-243_V12020-09-01","R012XY002ID",0.666666666666667
"ID_OwyheeFOLUP2016_LowCM-244_V12020-09-01","R012XY009ID",0.833333333333333
"ID_OwyheeFOLUP2016_LowCM-245_V12020-09-01","R012XY003ID",0.5
"ID_OwyheeFOLUP2016_LowCM-246_V12020-09-01","R012XY019ID",0.833333333333333
"ID_OwyheeFOLUP2016_LowWD-293_V12020-09-01","R012XY007ID",0.5
"ID_OwyheeFOLUP2016_LowWD-295_V12020-09-01","R012XY003ID",0.5
"ID_OwyheeFOLUP2016_LowWD-298_V12020-09-01","R012XY003ID",0.5
"ID_OwyheeFOLUP2016_LowWD-299_V12020-09-01","R012XY003ID",0.5
"ID_OwyheeFOLUP2016_LowWD-300_V12020-09-01","R012XY010ID",0.833333333333333
"ID_OwyheeFOLUP2016_UA-343_V12020-09-01","R012XY007ID",0.833333333333333
"ID_OwyheeFOMHAFFlintCreek2020_Flint-002_V12020-09-01","R012XY002ID",0.5
"ID_OwyheeFOMHAFFlintCreek2020_FlintCr-001_V12020-09-01","R012XY002ID",0.666666666666667
"ID_OwyheeFOMHAFFlintCreek2020_FlintCr-003_V12020-09-01","R012XY007ID",0.666666666666667
"ID_OwyheeFOMHAFFlintCreek2020_FlintCr-005_V12020-09-01","R012XY007ID",0.5
"ID_OwyheeFOMHAFFlintCreek2020_FlintCr-006_V12020-09-01","R012XY024ID",1
"ID_OwyheeFOMHAFFlintCreek2020_FlintCr-007_V12020-09-01","R012XY007ID",0.666666666666667
"ID_OwyheeFOMHAFFlintCreek2020_FlintCr-011_V12020-09-01","R012XY024ID",1
"ID_OwyheeFOMHAFFlintCreek2020_FlintCr-017_V12020-09-01","R012XY024ID",1
"ID_OwyheeFOMHAFFlintCreek2020_FlintCr-018_V12020-09-01","R012XY024ID",1
"ID_OwyheeFOMHAFFlintCreek2020_FlintCr-019_V12020-09-01","R012XY024ID",1
"ID_OwyheeFOMHAFFlintCreek2020_FlintCr-021_V12020-09-01","R012XY009ID",0.833333333333333
"ID_OwyheeFOMHAFFlintCreek2020_FlintCr-023_V12020-09-01","R012XY024ID",1
"ID_OwyheeFOMHAFFlintCreek2020_FlintCr-027_V12020-09-01","R012XY007ID",0.833333333333333
"ID_OwyheeFOMHAFFlintCreek2020_FlintCr-028_V12020-09-01","R012XY009ID",0.666666666666667
"ID_OwyheeFOMHAFFlintCreek2020_FlintCr-030_V12020-09-01","R012XY007ID",0.666666666666667
"ID_OwyheeFOMHAFFlintCreek2020_FlintCr-031_V12020-09-01","R012XY009ID",0.833333333333333
"ID_OwyheeFOMHAFFlintCreek2020_FlintCr-032_V12020-09-01","R012XY009ID",0.666666666666667
"ID_OwyheeFOMHAFFlintCreek2020_FlintCr-033_V12020-09-01","R012XY003ID",0.333333333333333
"ID_OwyheeFOMHAFFlintCreek2020_FlintCr-035_V12020-09-01","R012XY024ID",1
"ID_OwyheeFOMHAFFlintCreek2020_FlintCr-039_V12020-09-01","R012XY019ID",0.833333333333333
"ID_OwyheeFOMHAFFlintCreek2020_FlintCr-042_V12020-09-01","R012XY024ID",1
"ID_OwyheeFOMHAFFlintCreek2020_FlintCr-043_V12020-09-01","R012XY019ID",0.833333333333333
"ID_PocatelloFOLUP2017_MSWL-009_V12020-09-01","R012XY024ID",1
"ID_PocatelloFOLUP2017_MSWL-011_V12020-09-01","R012XY024ID",1
"ID_PocatelloFOLUP2017_OTH-232_V12020-09-01","R012XY024ID",1
"ID_PocatelloFOLUP2017_OTH-233_V12020-09-01","R012XY024ID",1
"ID_PocatelloFOLUP2017_OTH-234_V12020-09-01","R012XY007ID",1
"ID_PocatelloFOLUP2017_OTH-235_V12020-09-01","R012XY024ID",1
"ID_PocatelloFOLUP2017_OTH-237_V12020-09-01","R012XY024ID",1
"ID_PocatelloFOLUP2017_OTH-238_V12020-09-01","R012XY024ID",1
"ID_PocatelloFOLUP2017_SS-102_V12020-09-01","R012XY024ID",1
"ID_PocatelloFOLUP2017_SS-103_V12020-09-01","R012XY007ID",1
"ID_PocatelloFOLUP2017_SS-105_V12020-09-01","R012XY007ID",0.666666666666667
"ID_PocatelloFOLUP2017_SS-106_V12020-09-01","R012XY024ID",1
"ID_PocatelloFOLUP2017_SS-107_V12020-09-01","R012XY024ID",1
"ID_PocatelloFOLUP2017_SS-109_V12020-09-01","R012XY024ID",1
"ID_PocatelloFOLUP2017_SS-110_V12020-09-01","R012XY024ID",1
"ID_PocatelloFOLUP2017_SS-111_V12020-09-01","R012XY019ID",0.833333333333333
"ID_PocatelloFOLUP2017_SS-112_V12020-09-01","R012XY024ID",1
"ID_PocatelloFOLUP2017_SS-113_V12020-09-01","R012XY007ID",0.833333333333333
"ID_PocatelloFOLUP2017_SS-114_V12020-09-01","R012XY024ID",1
"ID_PocatelloFOLUP2017_SS-115_V12020-09-01","R012XY007ID",1
"ID_PocatelloFOLUP2017_SS-116_V12020-09-01","R012XY024ID",1
"ID_PocatelloFOLUP2017_SS-117_V12020-09-01","R012XY007ID",1
"ID_PocatelloFOLUP2017_SS-118_V12020-09-01","R012XY024ID",1
"ID_PocatelloFOLUP2017_SS-120_V12020-09-01","R012XY024ID",1
"ID_PocatelloFOLUP2017_SS-121_V12020-09-01","R012XY024ID",1
"ID_PocatelloFOLUP2017_XSHG-166_V12020-09-01","R012XY007ID",1
"ID_PocatelloFOLUP2017_XSHG-167_V12020-09-01","R012XY007ID",0.833333333333333
"ID_PocatelloFOLUP2017_XSHG-168_V12020-09-01","R012XY007ID",1
"ID_PocatelloFOLUP2017_XSHG-169_V12020-09-01","R012XY009ID",0.833333333333333
"ID_PocatelloFOLUP2017_XSHG-172_V12020-09-01","R012XY007ID",1
"ID_SalmonFOLUP2017_BCM-271_V12020-09-01","R012XY024ID",1
"ID_SalmonFOLUP2017_BCM-273_V12020-09-01","R012XY024ID",1
"ID_SalmonFOLUP2017_BCM-274_V12020-09-01","R012XY024ID",1
"ID_SalmonFOLUP2017_BCM-275_V12020-09-01","R012XY024ID",1
"ID_SalmonFOLUP2017_BCM-276_V12020-09-01","R012XY024ID",1
"ID_SalmonFOLUP2017_BCM-277_V12020-09-01","R012XY024ID",1
"ID_SalmonFOLUP2017_BCM-278_V12020-09-01","R012XY024ID",1
"ID_SalmonFOLUP2017_BCM-279_V12020-09-01","R012XY024ID",1
"ID_SalmonFOLUP2017_BCM-280_V12020-09-01","R012XY024ID",1
"ID_SalmonFOLUP2017_BCM-281_V12020-09-01","R012XY024ID",1
"ID_SalmonFOLUP2017_BCM-283_V12020-09-01","R012XY009ID",0.833333333333333
"ID_SalmonFOLUP2017_BCM-284_V12020-09-01","R012XY024ID",1
"ID_SalmonFOLUP2017_BCM-285_V12020-09-01","R012XY024ID",1
"ID_SalmonFOLUP2017_BCM-286_V12020-09-01","R012XY024ID",1
"ID_SalmonFOLUP2017_BCM-287_V12020-09-01","R012XY024ID",1
"ID_SalmonFOLUP2017_BCM-288_V12020-09-01","R012XY024ID",1
"ID_SalmonFOLUP2017_BCM-289_V12020-09-01","R012XY024ID",1
"ID_SalmonFOLUP2017_BCM-290_V12020-09-01","R012XY024ID",1
"ID_SalmonFOLUP2017_BCM-292_V12020-09-01","R012XY024ID",1
"ID_SalmonFOLUP2017_BWD-163_V12020-09-01","R012XY024ID",1
"ID_SalmonFOLUP2017_BWD-164_V12020-09-01","R012XY019ID",1
"ID_SalmonFOLUP2017_BWD-165_V12020-09-01","R012XY024ID",1
"ID_SalmonFOLUP2017_BWD-166_V12020-09-01","R012XY002ID",1
"ID_SalmonFOLUP2017_BWD-167_V12020-09-01","R012XY024ID",1
"ID_SalmonFOLUP2017_BWD-168_V12020-09-01","R012XY024ID",1
"ID_SalmonFOLUP2017_BWD-169_V12020-09-01","R012XY019ID",0.833333333333333
"ID_SalmonFOLUP2017_BWD-170_V12020-09-01","R012XY024ID",1
"ID_SalmonFOLUP2017_BWD-171_V12020-09-01","R012XY007ID",0.5
"ID_SalmonFOLUP2017_BWD-173_V12020-09-01","R012XY007ID",0.666666666666667
"ID_SalmonFOLUP2017_BWD-174_V12020-09-01","R012XY024ID",1
"ID_SalmonFOLUP2017_BWD-175_V12020-09-01","R012XY024ID",1
"ID_SalmonFOLUP2017_BWD-177_V12020-09-01","R012XY019ID",1
"ID_SalmonFOLUP2017_BWD-178_V12020-09-01","R012XY024ID",1
"ID_SalmonFOLUP2017_BWD-179_V12020-09-01","R012XY019ID",0.833333333333333
"ID_SalmonFOLUP2017_BWD-181_V12020-09-01","R012XY007ID",0.833333333333333
"ID_SalmonFOLUP2017_BWD-182_V12020-09-01","R012XY024ID",1
"ID_SalmonFOLUP2017_BWD-183_V12020-09-01","R012XY024ID",1
"ID_SalmonFOLUP2017_BWD-184_V12020-09-01","R012XY029ID",0.666666666666667
"ID_SalmonFOLUP2017_BWD-185_V12020-09-01","R012XY002ID",0.5
"ID_SalmonFOLUP2017_BWD-186_V12020-09-01","R012XY024ID",1
"ID_SalmonFOLUP2017_BWD-187_V12020-09-01","R012XY007ID",1
"ID_SalmonFOLUP2017_BWD-188_V12020-09-01","R012XY024ID",1
"ID_SalmonFOLUP2017_BWD-189_V12020-09-01","R012XY007ID",1
"ID_SalmonFOLUP2017_LWD-067_V12020-09-01","R012XY010ID",0.666666666666667
"ID_SalmonFOLUP2017_LWD-068_V12020-09-01","R012XY024ID",1
"ID_SalmonFOLUP2017_LWD-069_V12020-09-01","R012XY006ID",0.666666666666667
"ID_SalmonFOLUP2017_LWD-070_V12020-09-01","R012XY024ID",1
"ID_SalmonFOLUP2017_LWD-071_V12020-09-01","R012XY006ID",0.666666666666667
"ID_SalmonFOLUP2017_LWD-072_V12020-09-01","R012XY024ID",1
"ID_SalmonFOLUP2017_OTH-055_V12020-09-01","R012XY007ID",1
"ID_UpperSnakeFOLUP2017_BCM-161_V12020-09-01","R012XY009ID",1
"ID_UpperSnakeFOLUP2017_BCM-162_V12020-09-01","R012XY024ID",1
"ID_UpperSnakeFOLUP2017_BCM-163_V12020-09-01","R012XY024ID",1
"ID_UpperSnakeFOLUP2017_BCM-164_V12020-09-01","R012XY024ID",1
"ID_UpperSnakeFOLUP2017_BCM-166_V12020-09-01","R012XY024ID",1
"ID_UpperSnakeFOLUP2017_BCM-167_V12020-09-01","R012XY024ID",1
"ID_UpperSnakeFOLUP2017_BCM-169_V12020-09-01","R012XY003ID",0.5
"ID_UpperSnakeFOLUP2017_BCM-170_V12020-09-01","R012XY024ID",1
"ID_UpperSnakeFOLUP2017_BCM-172_V12020-09-01","R012XY029ID",1
"ID_UpperSnakeFOLUP2017_BCM-173_V12020-09-01","R012XY007ID",1
"ID_UpperSnakeFOLUP2017_BCM-174_V12020-09-01","R012XY007ID",0.666666666666667
"ID_UpperSnakeFOLUP2017_BCM-175_V12020-09-01","R012XY024ID",1
"ID_UpperSnakeFOLUP2017_BCM-176_V12020-09-01","R012XY002ID",0.666666666666667
"ID_UpperSnakeFOLUP2017_BWD-266_V12020-09-01","R012XY002ID",0.5
"ID_UpperSnakeFOLUP2017_BWD-267_V12020-09-01","R012XY007ID",0.833333333333333
"ID_UpperSnakeFOLUP2017_BWD-268_V12020-09-01","R012XY007ID",1
"ID_UpperSnakeFOLUP2017_BWD-269_V12020-09-01","R012XY024ID",1
"ID_UpperSnakeFOLUP2017_BWD-270_V12020-09-01","R012XY007ID",0.833333333333333
"ID_UpperSnakeFOLUP2017_BWD-271_V12020-09-01","R012XY007ID",1
"ID_UpperSnakeFOLUP2017_BWD-272_V12020-09-01","R012XY007ID",0.833333333333333
"ID_UpperSnakeFOLUP2017_BWD-273_V12020-09-01","R012XY007ID",1
"ID_UpperSnakeFOLUP2017_BWD-274_V12020-09-01","R012XY007ID",0.833333333333333
"ID_UpperSnakeFOLUP2017_BWD-275_V12020-09-01","R012XY024ID",1
"ID_UpperSnakeFOLUP2017_BWD-276_V12020-09-01","R012XY024ID",1
"ID_UpperSnakeFOLUP2017_BWD-277_V12020-09-01","R012XY007ID",0.833333333333333
"ID_UpperSnakeFOLUP2017_BWD-278_V12020-09-01","R012XY007ID",0.833333333333333
"ID_UpperSnakeFOLUP2017_BWD-279_V12020-09-01","R012XY024ID",1
"ID_UpperSnakeFOLUP2017_BWD-280_V12020-09-01","R012XY024ID",1
"ID_UpperSnakeFOLUP2017_BWD-281_V12020-09-01","R012XY024ID",1
"ID_UpperSnakeFOLUP2017_BWD-282_V12020-09-01","R012XY007ID",1
"ID_UpperSnakeFOLUP2017_BWD-284_V12020-09-01","R012XY007ID",0.833333333333333
"ID_UpperSnakeFOLUP2017_BWD-285_V12020-09-01","R012XY007ID",0.666666666666667
"ID_UpperSnakeFOLUP2017_BWD-286_V12020-09-01","R012XY024ID",1
"ID_UpperSnakeFOLUP2017_BWD-287_V12020-09-01","R012XY007ID",0.666666666666667
"ID_UpperSnakeFOLUP2017_BWD-288_V12020-09-01","R012XY029ID",1
"ID_UpperSnakeFOLUP2017_BWD-289_V12020-09-01","R012XY047ID",0.5
"ID_UpperSnakeFOLUP2017_BWD-290_V12020-09-01","R012XY009ID",1
"ID_UpperSnakeFOLUP2017_BWD-291_V12020-09-01","R012XY024ID",1
"ID_UpperSnakeFOLUP2017_BWD-292_V12020-09-01","R012XY024ID",1
"ID_UpperSnakeFOLUP2017_BWD-293_V12020-09-01","R012XY007ID",1
"ID_UpperSnakeFOLUP2017_BWD-294_V12020-09-01","R012XY024ID",1
"ID_UpperSnakeFOLUP2017_BWD-295_V12020-09-01","R012XY019ID",0.666666666666667
"ID_UpperSnakeFOLUP2017_BWD-296_V12020-09-01","R012XY009ID",0.75
"ID_UpperSnakeFOLUP2017_LS-068_V12020-09-01","R012XY024ID",1
"ID_UpperSnakeFOLUP2017_LS-072_V12020-09-01","R012XY024ID",1
"ID_UpperSnakeFOLUP2017_LS-075_V12020-09-01","R012XY024ID",1
"ID_UpperSnakeFOLUP2017_LS-076_V12020-09-01","R012XY007ID",0.666666666666667
"ID_UpperSnakeFOLUP2017_LS-077_V12020-09-01","R012XY010ID",0.666666666666667
"ID_UpperSnakeFOLUP2017_LS-078_V12020-09-01","R012XY019ID",0.666666666666667
"ID_UpperSnakeFOLUP2017_LS-079_V12020-09-01","R012XY024ID",1
"ID_UpperSnakeFOLUP2017_LS-080_V12020-09-01","R012XY024ID",1
"ID_UpperSnakeFOLUP2017_LS-081_V12020-09-01","R012XY024ID",1
"ID_UpperSnakeFOLUP2017_LS-082_V12020-09-01","R012XY024ID",1
"ID_UpperSnakeFOLUP2017_LS-083_V12020-09-01","R012XY024ID",1
"ID_UpperSnakeFOLUP2017_LS-084_V12020-09-01","R012XY024ID",1
"ID_UpperSnakeFOLUP2017_LS-085_V12020-09-01","R012XY024ID",1
"ID_UpperSnakeFOLUP2017_LS-086_V12020-09-01","R012XY010ID",0.833333333333333
"ID_UpperSnakeFOLUP2017_LS-087_V12020-09-01","R012XY024ID",1
"ID_UpperSnakeFOLUP2017_LS-088_V12020-09-01","R012XY024ID",1
"ID_UpperSnakeFOLUP2017_LS-090_V12020-09-01","R012XY024ID",1
